/*修改数据*/
update SEC_Organization set Name='启德软件' where ID='BFAB3E63-6A5D-46EE-B284-AE77CAE2074E' 

/*组织机构数据*/
insert SEC_Organization(ID,Parent,Name,Code,[Level],[Order],[Type],[Status],[CreatedBy], [CreatedDate], [LastUpdatedBy], [LastUpdatedDate]) 
values('9C252D03-E4F3-4F2A-A201-B35926D9A3B8','BFAB3E63-6A5D-46EE-B284-AE77CAE2074E','广州总部',NULL,2,NULL,NULL,'enabled','43FE6476-CD7B-493B-8044-C7E3149D0876',GETDATE(),'43FE6476-CD7B-493B-8044-C7E3149D0876',GETDATE())
insert SEC_Organization(ID,Parent,Name,Code,[Level],[Order],[Type],[Status],[CreatedBy], [CreatedDate], [LastUpdatedBy], [LastUpdatedDate])   
values('CAC7BE0B-7002-4310-B8E4-8CF6A797C93F','BFAB3E63-6A5D-46EE-B284-AE77CAE2074E','精德软件',NULL,2,NULL,NULL,'enabled','43FE6476-CD7B-493B-8044-C7E3149D0876',GETDATE(),'43FE6476-CD7B-493B-8044-C7E3149D0876',GETDATE())
insert SEC_Organization(ID,Parent,Name,Code,[Level],[Order],[Type],[Status],[CreatedBy], [CreatedDate], [LastUpdatedBy], [LastUpdatedDate])   
values('0149B883-39F1-47F0-A8E1-2D22BF7E6644','BFAB3E63-6A5D-46EE-B284-AE77CAE2074E','北京分公司',NULL,2,NULL,NULL,'enabled','43FE6476-CD7B-493B-8044-C7E3149D0876',GETDATE(),'43FE6476-CD7B-493B-8044-C7E3149D0876',GETDATE())
insert SEC_Organization(ID,Parent,Name,Code,[Level],[Order],[Type],[Status],[CreatedBy], [CreatedDate], [LastUpdatedBy], [LastUpdatedDate])   
values('204E9258-E051-466B-854C-D2F4CBF96EAB','9C252D03-E4F3-4F2A-A201-B35926D9A3B8','财务部',NULL,3,NULL,NULL,'enabled','43FE6476-CD7B-493B-8044-C7E3149D0876',GETDATE(),'43FE6476-CD7B-493B-8044-C7E3149D0876',GETDATE())
insert SEC_Organization(ID,Parent,Name,Code,[Level],[Order],[Type],[Status],[CreatedBy], [CreatedDate], [LastUpdatedBy], [LastUpdatedDate])  
values('8194137F-8B96-40BA-92B2-E42D32B7CD24','9C252D03-E4F3-4F2A-A201-B35926D9A3B8','测试部',NULL,3,NULL,NULL,'enabled','43FE6476-CD7B-493B-8044-C7E3149D0876',GETDATE(),'43FE6476-CD7B-493B-8044-C7E3149D0876',GETDATE())
insert SEC_Organization(ID,Parent,Name,Code,[Level],[Order],[Type],[Status],[CreatedBy], [CreatedDate], [LastUpdatedBy], [LastUpdatedDate])   
values('63EBB5FB-F5D0-4A73-8AC6-0A27C476AE09','9C252D03-E4F3-4F2A-A201-B35926D9A3B8','多媒体设计部',NULL,3,NULL,NULL,'enabled','43FE6476-CD7B-493B-8044-C7E3149D0876',GETDATE(),'43FE6476-CD7B-493B-8044-C7E3149D0876',GETDATE())
insert SEC_Organization(ID,Parent,Name,Code,[Level],[Order],[Type],[Status],[CreatedBy], [CreatedDate], [LastUpdatedBy], [LastUpdatedDate])   
values('52E0427C-A747-4F4E-BCA6-A83A420039AC','9C252D03-E4F3-4F2A-A201-B35926D9A3B8','管理中心',NULL,3,NULL,NULL,'enabled','43FE6476-CD7B-493B-8044-C7E3149D0876',GETDATE(),'43FE6476-CD7B-493B-8044-C7E3149D0876',GETDATE())
insert SEC_Organization(ID,Parent,Name,Code,[Level],[Order],[Type],[Status],[CreatedBy], [CreatedDate], [LastUpdatedBy], [LastUpdatedDate])  
values('C4A33E36-6397-430D-AC19-5EE4DEBA447E','0149B883-39F1-47F0-A8E1-2D22BF7E6644','技术二部',NULL,3,NULL,NULL,'enabled','43FE6476-CD7B-493B-8044-C7E3149D0876',GETDATE(),'43FE6476-CD7B-493B-8044-C7E3149D0876',GETDATE())
insert SEC_Organization(ID,Parent,Name,Code,[Level],[Order],[Type],[Status],[CreatedBy], [CreatedDate], [LastUpdatedBy], [LastUpdatedDate])  
values('A0BA54E7-5DF8-4D7E-B682-60EA9AB319EF','0149B883-39F1-47F0-A8E1-2D22BF7E6644','技术一部',NULL,3,NULL,NULL,'enabled','43FE6476-CD7B-493B-8044-C7E3149D0876',GETDATE(),'43FE6476-CD7B-493B-8044-C7E3149D0876',GETDATE())
insert SEC_Organization(ID,Parent,Name,Code,[Level],[Order],[Type],[Status],[CreatedBy], [CreatedDate], [LastUpdatedBy], [LastUpdatedDate])  
values('465D7FF3-4322-4366-B88E-D9CE261F6D23','9C252D03-E4F3-4F2A-A201-B35926D9A3B8','开发二部',NULL,3,NULL,NULL,'enabled','43FE6476-CD7B-493B-8044-C7E3149D0876',GETDATE(),'43FE6476-CD7B-493B-8044-C7E3149D0876',GETDATE())
insert SEC_Organization(ID,Parent,Name,Code,[Level],[Order],[Type],[Status],[CreatedBy], [CreatedDate], [LastUpdatedBy], [LastUpdatedDate])  
values('10413097-4550-4E25-BCA9-38F157497F91','9C252D03-E4F3-4F2A-A201-B35926D9A3B8','开发一部',NULL,3,NULL,NULL,'enabled','43FE6476-CD7B-493B-8044-C7E3149D0876',GETDATE(),'43FE6476-CD7B-493B-8044-C7E3149D0876',GETDATE())
insert SEC_Organization(ID,Parent,Name,Code,[Level],[Order],[Type],[Status],[CreatedBy], [CreatedDate], [LastUpdatedBy], [LastUpdatedDate])  
values('0998CCC4-B599-4DFD-9F34-6B8C79A13113','9C252D03-E4F3-4F2A-A201-B35926D9A3B8','人力资源部',NULL,3,NULL,NULL,'enabled','43FE6476-CD7B-493B-8044-C7E3149D0876',GETDATE(),'43FE6476-CD7B-493B-8044-C7E3149D0876',GETDATE())
insert SEC_Organization(ID,Parent,Name,Code,[Level],[Order],[Type],[Status],[CreatedBy], [CreatedDate], [LastUpdatedBy], [LastUpdatedDate])  
values('67EDBB59-E1C9-4BC4-86D8-E315CE307304','CAC7BE0B-7002-4310-B8E4-8CF6A797C93F','特殊帐号',NULL,3,NULL,NULL,'enabled','43FE6476-CD7B-493B-8044-C7E3149D0876',GETDATE(),'43FE6476-CD7B-493B-8044-C7E3149D0876',GETDATE())
insert SEC_Organization(ID,Parent,Name,Code,[Level],[Order],[Type],[Status],[CreatedBy], [CreatedDate], [LastUpdatedBy], [LastUpdatedDate])  
values('D9BB116B-DC76-436A-8B2C-312242569134','CAC7BE0B-7002-4310-B8E4-8CF6A797C93F','精德软件开发服务部',NULL,3,NULL,NULL,'enabled','43FE6476-CD7B-493B-8044-C7E3149D0876',GETDATE(),'43FE6476-CD7B-493B-8044-C7E3149D0876',GETDATE())
insert SEC_Organization(ID,Parent,Name,Code,[Level],[Order],[Type],[Status],[CreatedBy], [CreatedDate], [LastUpdatedBy], [LastUpdatedDate]) 
values('6BEE2AF0-F68E-403F-A9F2-47610BDC6973','CAC7BE0B-7002-4310-B8E4-8CF6A797C93F','精德软件培训服务部',NULL,3,NULL,NULL,'enabled','43FE6476-CD7B-493B-8044-C7E3149D0876',GETDATE(),'43FE6476-CD7B-493B-8044-C7E3149D0876',GETDATE())
insert SEC_Organization(ID,Parent,Name,Code,[Level],[Order],[Type],[Status],[CreatedBy], [CreatedDate], [LastUpdatedBy], [LastUpdatedDate])  
values('ABA419FD-8A9F-4EF5-B026-8991ECAD79B0','CAC7BE0B-7002-4310-B8E4-8CF6A797C93F','精德软件市场拓展部',NULL,3,NULL,NULL,'enabled','43FE6476-CD7B-493B-8044-C7E3149D0876',GETDATE(),'43FE6476-CD7B-493B-8044-C7E3149D0876',GETDATE())
insert SEC_Organization(ID,Parent,Name,Code,[Level],[Order],[Type],[Status],[CreatedBy], [CreatedDate], [LastUpdatedBy], [LastUpdatedDate])  
values('0639C309-9A82-4A62-8E59-27F812509A61','CAC7BE0B-7002-4310-B8E4-8CF6A797C93F','精德软件系统服务部',NULL,3,NULL,NULL,'enabled','43FE6476-CD7B-493B-8044-C7E3149D0876',GETDATE(),'43FE6476-CD7B-493B-8044-C7E3149D0876',GETDATE())
insert SEC_Organization(ID,Parent,Name,Code,[Level],[Order],[Type],[Status],[CreatedBy], [CreatedDate], [LastUpdatedBy], [LastUpdatedDate])   
values('2832FF40-404F-4FA6-8907-B906B6B8CC57','9C252D03-E4F3-4F2A-A201-B35926D9A3B8','系统部',NULL,3,NULL,NULL,'enabled','43FE6476-CD7B-493B-8044-C7E3149D0876',GETDATE(),'43FE6476-CD7B-493B-8044-C7E3149D0876',GETDATE())
insert SEC_Organization(ID,Parent,Name,Code,[Level],[Order],[Type],[Status],[CreatedBy], [CreatedDate], [LastUpdatedBy], [LastUpdatedDate])  
values('E688141A-5191-452A-A3C7-172E5B711669','9C252D03-E4F3-4F2A-A201-B35926D9A3B8','行政部',NULL,3,NULL,NULL,'enabled','43FE6476-CD7B-493B-8044-C7E3149D0876',GETDATE(),'43FE6476-CD7B-493B-8044-C7E3149D0876',GETDATE())
insert SEC_Organization(ID,Parent,Name,Code,[Level],[Order],[Type],[Status],[CreatedBy], [CreatedDate], [LastUpdatedBy], [LastUpdatedDate])  
values('C6626CD7-CAA7-45FE-AC3F-DAD08B2CDF5B','CAC7BE0B-7002-4310-B8E4-8CF6A797C93F','行政部',NULL,3,NULL,NULL,'enabled','43FE6476-CD7B-493B-8044-C7E3149D0876',GETDATE(),'43FE6476-CD7B-493B-8044-C7E3149D0876',GETDATE())
insert SEC_Organization(ID,Parent,Name,Code,[Level],[Order],[Type],[Status],[CreatedBy], [CreatedDate], [LastUpdatedBy], [LastUpdatedDate])  
values('B9197265-1483-49A0-9325-864EE1AFC2CB','0149B883-39F1-47F0-A8E1-2D22BF7E6644','行政财务部',NULL,3,NULL,NULL,'enabled','43FE6476-CD7B-493B-8044-C7E3149D0876',GETDATE(),'43FE6476-CD7B-493B-8044-C7E3149D0876',GETDATE())
insert SEC_Organization(ID,Parent,Name,Code,[Level],[Order],[Type],[Status],[CreatedBy], [CreatedDate], [LastUpdatedBy], [LastUpdatedDate])  
values('6AEF4F2B-5D21-4429-BA06-3A6157ED0AC3','9C252D03-E4F3-4F2A-A201-B35926D9A3B8','研发中心',NULL,3,NULL,NULL,'enabled','43FE6476-CD7B-493B-8044-C7E3149D0876',GETDATE(),'43FE6476-CD7B-493B-8044-C7E3149D0876',GETDATE())
insert SEC_Organization(ID,Parent,Name,Code,[Level],[Order],[Type],[Status],[CreatedBy], [CreatedDate], [LastUpdatedBy], [LastUpdatedDate])  
values('FD27BB75-B06E-432F-8B48-952158B98E62','CAC7BE0B-7002-4310-B8E4-8CF6A797C93F','研发中心',NULL,3,NULL,NULL,'enabled','43FE6476-CD7B-493B-8044-C7E3149D0876',GETDATE(),'43FE6476-CD7B-493B-8044-C7E3149D0876',GETDATE())
insert SEC_Organization(ID,Parent,Name,Code,[Level],[Order],[Type],[Status],[CreatedBy], [CreatedDate], [LastUpdatedBy], [LastUpdatedDate])  
values('1F553FFF-07C0-4591-81D4-9805514C9C5A','0149B883-39F1-47F0-A8E1-2D22BF7E6644','业务部',NULL,3,NULL,NULL,'enabled','43FE6476-CD7B-493B-8044-C7E3149D0876',GETDATE(),'43FE6476-CD7B-493B-8044-C7E3149D0876',GETDATE())
insert SEC_Organization(ID,Parent,Name,Code,[Level],[Order],[Type],[Status],[CreatedBy], [CreatedDate], [LastUpdatedBy], [LastUpdatedDate])  
values('43C3A92E-9797-466F-8A0E-A7B7C654F97F','9C252D03-E4F3-4F2A-A201-B35926D9A3B8','业务部',NULL,3,NULL,NULL,'enabled','43FE6476-CD7B-493B-8044-C7E3149D0876',GETDATE(),'43FE6476-CD7B-493B-8044-C7E3149D0876',GETDATE())
insert SEC_Organization(ID,Parent,Name,Code,[Level],[Order],[Type],[Status],[CreatedBy], [CreatedDate], [LastUpdatedBy], [LastUpdatedDate])  
values('8962D2A6-7A6C-4832-8285-E48FB2FFA5F6','0149B883-39F1-47F0-A8E1-2D22BF7E6644','总经办',NULL,3,NULL,NULL,'enabled','43FE6476-CD7B-493B-8044-C7E3149D0876',GETDATE(),'43FE6476-CD7B-493B-8044-C7E3149D0876',GETDATE())
insert SEC_Organization(ID,Parent,Name,Code,[Level],[Order],[Type],[Status],[CreatedBy], [CreatedDate], [LastUpdatedBy], [LastUpdatedDate])
values('60B979B7-4390-4E00-A690-5BB39CC452DB','9C252D03-E4F3-4F2A-A201-B35926D9A3B8','总经办',NULL,3,NULL,NULL,'enabled','43FE6476-CD7B-493B-8044-C7E3149D0876',GETDATE(),'43FE6476-CD7B-493B-8044-C7E3149D0876',GETDATE())
insert SEC_Organization(ID,Parent,Name,Code,[Level],[Order],[Type],[Status],[CreatedBy], [CreatedDate], [LastUpdatedBy], [LastUpdatedDate]) 
values('5417548F-6152-4731-B082-652374A3DCA5','CAC7BE0B-7002-4310-B8E4-8CF6A797C93F','总经办',NULL,3,NULL,NULL,'enabled','43FE6476-CD7B-493B-8044-C7E3149D0876',GETDATE(),'43FE6476-CD7B-493B-8044-C7E3149D0876',GETDATE())


/*用户数据*/

insert SEC_User(ID,OrgID,Name,LoginID,Email,MobilePhone,Telephone,IM,Birthday,Rank,Sex,[Password],[Status],[CreatedBy],[CreatedDate], [LastUpdatedBy], [LastUpdatedDate])
values('C074A44D-4519-4218-8598-A78EE29EB2B0','10413097-4550-4E25-BCA9-38F157497F91','鲍彬','alexia','alexia@orient.net','13697456400',NULL,'alexia@orient.net',NULL,'','M','ICy5YqxZB1uWSwcVLSNLcA==','enabled','43FE6476-CD7B-493B-8044-C7E3149D0876',GETDATE(),'43FE6476-CD7B-493B-8044-C7E3149D0876',GETDATE())
insert SEC_User(ID,OrgID,Name,LoginID,Email,MobilePhone,Telephone,IM,Birthday,Rank,Sex,[Password],[Status],[CreatedBy],[CreatedDate], [LastUpdatedBy], [LastUpdatedDate]) 
values('7979F498-DCE9-4895-AC58-BE508ED5897E','6BEE2AF0-F68E-403F-A9F2-47610BDC6973','鲍超','baochao','baochao@occident.com','13602750796',NULL,'baochao@occident.com',NULL,'','M','ICy5YqxZB1uWSwcVLSNLcA==','enabled','43FE6476-CD7B-493B-8044-C7E3149D0876',GETDATE(),'43FE6476-CD7B-493B-8044-C7E3149D0876',GETDATE())
insert SEC_User(ID,OrgID,Name,LoginID,Email,MobilePhone,Telephone,IM,Birthday,Rank,Sex,[Password],[Status],[CreatedBy],[CreatedDate], [LastUpdatedBy], [LastUpdatedDate]) 
values('571A39DE-E216-4EFD-810D-B9D1174EF4C1','8194137F-8B96-40BA-92B2-E42D32B7CD24','鲍辉荣','baohr','baohr@orient.net','13631370017',NULL,'baohr@orient.net',NULL,'','M','ICy5YqxZB1uWSwcVLSNLcA==','enabled','43FE6476-CD7B-493B-8044-C7E3149D0876',GETDATE(),'43FE6476-CD7B-493B-8044-C7E3149D0876',GETDATE())
insert SEC_User(ID,OrgID,Name,LoginID,Email,MobilePhone,Telephone,IM,Birthday,Rank,Sex,[Password],[Status],[CreatedBy],[CreatedDate], [LastUpdatedBy], [LastUpdatedDate]) 
values(	'83121C85-8609-436D-864C-5BD06DF0652F','FD27BB75-B06E-432F-8B48-952158B98E62','鲍俊锋','baojf','baojf@occident.com','13905983345',NULL,'',NULL,'','M','ICy5YqxZB1uWSwcVLSNLcA==','enabled','43FE6476-CD7B-493B-8044-C7E3149D0876',GETDATE(),'43FE6476-CD7B-493B-8044-C7E3149D0876',GETDATE())
insert SEC_User(ID,OrgID,Name,LoginID,Email,MobilePhone,Telephone,IM,Birthday,Rank,Sex,[Password],[Status],[CreatedBy],[CreatedDate], [LastUpdatedBy], [LastUpdatedDate]) 
values(	'54FDABD4-C0B2-4716-98F6-7EEE789EC10C'	,	'6AEF4F2B-5D21-4429-BA06-3A6157ED0AC3'	,	'鲍剑平'	,'baojp'	,	'baojp@orient.net'	,	'13570466732'	,	NULL	,	'baojp@orient.net',NULL,'','M','ICy5YqxZB1uWSwcVLSNLcA==','enabled','43FE6476-CD7B-493B-8044-C7E3149D0876',GETDATE(),'43FE6476-CD7B-493B-8044-C7E3149D0876',GETDATE())
insert SEC_User(ID,OrgID,Name,LoginID,Email,MobilePhone,Telephone,IM,Birthday,Rank,Sex,[Password],[Status],[CreatedBy],[CreatedDate], [LastUpdatedBy], [LastUpdatedDate]) 
values(	'2F9F93AD-FD21-4596-990E-CBED53FDA375'	,	'52E0427C-A747-4F4E-BCA6-A83A420039AC'	,	'鲍奎'	,'baok'	,	'baok@orient.net'	,	'13600008516'	,	NULL	,	'baok@orient.net',NULL,'','M','ICy5YqxZB1uWSwcVLSNLcA==','enabled','43FE6476-CD7B-493B-8044-C7E3149D0876',GETDATE(),'43FE6476-CD7B-493B-8044-C7E3149D0876',GETDATE())
insert SEC_User(ID,OrgID,Name,LoginID,Email,MobilePhone,Telephone,IM,Birthday,Rank,Sex,[Password],[Status],[CreatedBy],[CreatedDate], [LastUpdatedBy], [LastUpdatedDate]) 
values(	'518A402E-A42F-42E2-988C-BF3547D73D48'	,	'10413097-4550-4E25-BCA9-38F157497F91'	,	'鲍沐忠'	,'baomzh'	,	'baomzh@orient.net'	,	'13178891288'	,	NULL	,	'baomzh@orient.net',NULL,'','M','ICy5YqxZB1uWSwcVLSNLcA==','enabled','43FE6476-CD7B-493B-8044-C7E3149D0876',GETDATE(),'43FE6476-CD7B-493B-8044-C7E3149D0876',GETDATE())
insert SEC_User(ID,OrgID,Name,LoginID,Email,MobilePhone,Telephone,IM,Birthday,Rank,Sex,[Password],[Status],[CreatedBy],[CreatedDate], [LastUpdatedBy], [LastUpdatedDate]) 
values(	'F7290CF4-18D1-4E3D-8D22-95561F91C162'	,	'A0BA54E7-5DF8-4D7E-B682-60EA9AB319EF'	,	'鲍远久'	,'baoyuanjiu'	,	'baoyuanjiu@orient.net'	,	'13621147388'	,	''	,	'baoyuanjiu@orient.net',NULL,'','M','ICy5YqxZB1uWSwcVLSNLcA==','enabled','43FE6476-CD7B-493B-8044-C7E3149D0876',GETDATE(),'43FE6476-CD7B-493B-8044-C7E3149D0876',GETDATE())
insert SEC_User(ID,OrgID,Name,LoginID,Email,MobilePhone,Telephone,IM,Birthday,Rank,Sex,[Password],[Status],[CreatedBy],[CreatedDate], [LastUpdatedBy], [LastUpdatedDate]) 
values(	'B6586270-4E47-45AF-9CE6-6458C023C79E'	,	'E688141A-5191-452A-A3C7-172E5B711669'	,	'鲍媛媛'	,'baoyy'	,	'baoyy@orient.net'	,	'13428882636'	,	'8011'	,	'baoyy@orient.net'	,NULL,'','M','ICy5YqxZB1uWSwcVLSNLcA==','enabled','43FE6476-CD7B-493B-8044-C7E3149D0876',GETDATE(),'43FE6476-CD7B-493B-8044-C7E3149D0876',GETDATE())
insert SEC_User(ID,OrgID,Name,LoginID,Email,MobilePhone,Telephone,IM,Birthday,Rank,Sex,[Password],[Status],[CreatedBy],[CreatedDate], [LastUpdatedBy], [LastUpdatedDate]) 
values(	'35A2EE47-236F-4554-998E-A77FAE534F63'	,	'8194137F-8B96-40BA-92B2-E42D32B7CD24'	,	'蔡宇星'	,'caiyx'	,	'caiyx@orient.net'	,	'13570397110'	,	NULL	,	'caiyx@orient.net',NULL,'','M','ICy5YqxZB1uWSwcVLSNLcA==','enabled','43FE6476-CD7B-493B-8044-C7E3149D0876',GETDATE(),'43FE6476-CD7B-493B-8044-C7E3149D0876',GETDATE())
insert SEC_User(ID,OrgID,Name,LoginID,Email,MobilePhone,Telephone,IM,Birthday,Rank,Sex,[Password],[Status],[CreatedBy],[CreatedDate], [LastUpdatedBy], [LastUpdatedDate]) 
values(	'4E599045-81A0-43CD-9E32-C1855C6BC9EA'	,	'D9BB116B-DC76-436A-8B2C-312242569134'	,	'陈汉吴'	,'chenhw'	,	'chenhw@occident.com'	,	'13751715617'	,	NULL	,	'chenhw@occident.com',NULL,'','M','ICy5YqxZB1uWSwcVLSNLcA==','enabled','43FE6476-CD7B-493B-8044-C7E3149D0876',GETDATE(),'43FE6476-CD7B-493B-8044-C7E3149D0876',GETDATE())
insert SEC_User(ID,OrgID,Name,LoginID,Email,MobilePhone,Telephone,IM,Birthday,Rank,Sex,[Password],[Status],[CreatedBy],[CreatedDate], [LastUpdatedBy], [LastUpdatedDate]) 
values(	'7C4E2214-C36C-447C-B1DF-F325628951CD'	,	'8194137F-8B96-40BA-92B2-E42D32B7CD24'	,	'褚廖明'	,'chulm'	,	'chulm@orient.net'	,	'13424046177'	,	NULL	,	'chulm@orient.net',NULL,'','M','ICy5YqxZB1uWSwcVLSNLcA==','enabled','43FE6476-CD7B-493B-8044-C7E3149D0876',GETDATE(),'43FE6476-CD7B-493B-8044-C7E3149D0876',GETDATE())
insert SEC_User(ID,OrgID,Name,LoginID,Email,MobilePhone,Telephone,IM,Birthday,Rank,Sex,[Password],[Status],[CreatedBy],[CreatedDate], [LastUpdatedBy], [LastUpdatedDate]) 
values(	'DE03401D-F067-42D7-B84C-7E1D6A4F6537'	,	'465D7FF3-4322-4366-B88E-D9CE261F6D23'	,	'鲍文健'	,'cwj'	,	'cwj@orient.net'	,	'13560402429'	,	NULL	,	'cwj@orient.net',NULL,'','M','ICy5YqxZB1uWSwcVLSNLcA==','enabled','43FE6476-CD7B-493B-8044-C7E3149D0876',GETDATE(),'43FE6476-CD7B-493B-8044-C7E3149D0876',GETDATE())
insert SEC_User(ID,OrgID,Name,LoginID,Email,MobilePhone,Telephone,IM,Birthday,Rank,Sex,[Password],[Status],[CreatedBy],[CreatedDate], [LastUpdatedBy], [LastUpdatedDate]) 
values(	'8BF74056-D9A6-450E-B0CB-558C7D9DEB38'	,	'63EBB5FB-F5D0-4A73-8AC6-0A27C476AE09'	,	'董纬'	,'dongwei'	,	'dongwei@orient.net'	,	'13925029830'	,	NULL	,	'dongwei@orient.net',NULL,'','M','ICy5YqxZB1uWSwcVLSNLcA==','enabled','43FE6476-CD7B-493B-8044-C7E3149D0876',GETDATE(),'43FE6476-CD7B-493B-8044-C7E3149D0876',GETDATE())
insert SEC_User(ID,OrgID,Name,LoginID,Email,MobilePhone,Telephone,IM,Birthday,Rank,Sex,[Password],[Status],[CreatedBy],[CreatedDate], [LastUpdatedBy], [LastUpdatedDate]) 
values(	'493C973F-B4FD-4BAA-A7BE-38425CA28DC6'	,	'43C3A92E-9797-466F-8A0E-A7B7C654F97F'	,	'邓广志'	,'edward'	,	'edward@orient.net'	,	'13925178886'	,	NULL	,	'edward@orient.net',NULL,'','M','ICy5YqxZB1uWSwcVLSNLcA==','enabled','43FE6476-CD7B-493B-8044-C7E3149D0876',GETDATE(),'43FE6476-CD7B-493B-8044-C7E3149D0876',GETDATE())
insert SEC_User(ID,OrgID,Name,LoginID,Email,MobilePhone,Telephone,IM,Birthday,Rank,Sex,[Password],[Status],[CreatedBy],[CreatedDate], [LastUpdatedBy], [LastUpdatedDate]) 
values(	'7AB30D68-9ECE-47C2-9203-0418EC151B79'	,	'A0BA54E7-5DF8-4D7E-B682-60EA9AB319EF'	,	'方占宇'	,'fangzhanyu'	,	'fangzhanyu@orient.net'	,	'13651285036'	,	NULL	,	'fangzhanyu@orient.net',NULL,'','M','ICy5YqxZB1uWSwcVLSNLcA==','enabled','43FE6476-CD7B-493B-8044-C7E3149D0876',GETDATE(),'43FE6476-CD7B-493B-8044-C7E3149D0876',GETDATE())
insert SEC_User(ID,OrgID,Name,LoginID,Email,MobilePhone,Telephone,IM,Birthday,Rank,Sex,[Password],[Status],[CreatedBy],[CreatedDate], [LastUpdatedBy], [LastUpdatedDate]) 
values(	'FAD2A7A8-75CA-4A58-ACC4-0CBE8B666466'	,	'465D7FF3-4322-4366-B88E-D9CE261F6D23'	,	'冯宏波'	,'fenghb'	,	'fenghb@orient.net'	,	'13632402143'	,	NULL	,	'fenghb@orient.net',NULL,'','M','ICy5YqxZB1uWSwcVLSNLcA==','enabled','43FE6476-CD7B-493B-8044-C7E3149D0876',GETDATE(),'43FE6476-CD7B-493B-8044-C7E3149D0876',GETDATE())
insert SEC_User(ID,OrgID,Name,LoginID,Email,MobilePhone,Telephone,IM,Birthday,Rank,Sex,[Password],[Status],[CreatedBy],[CreatedDate], [LastUpdatedBy], [LastUpdatedDate]) 
values(	'A5B86B6B-9A49-4132-9A9A-0F65ACC6D3A8'	,	'C4A33E36-6397-430D-AC19-5EE4DEBA447E'	,	'冯盛'	,'fengsheng'	,	'fengsheng@orient.net'	,	'13810773952'	,	NULL	,	'fengsheng@orient.net'	,	NULL	,'','M','ICy5YqxZB1uWSwcVLSNLcA==','enabled','43FE6476-CD7B-493B-8044-C7E3149D0876',GETDATE(),'43FE6476-CD7B-493B-8044-C7E3149D0876',GETDATE())
insert SEC_User(ID,OrgID,Name,LoginID,Email,MobilePhone,Telephone,IM,Birthday,Rank,Sex,[Password],[Status],[CreatedBy],[CreatedDate], [LastUpdatedBy], [LastUpdatedDate]) 
values(	'83EC342F-465D-49E3-8D6A-D9C62023F5E3'	,	'E688141A-5191-452A-A3C7-172E5B711669'	,	'付洁'	,'fujie'	,	'fujie@orient.net'	,	'13802731707'	,	NULL	,	'fujie@orient.net',NULL,'','M','ICy5YqxZB1uWSwcVLSNLcA==','enabled','43FE6476-CD7B-493B-8044-C7E3149D0876',GETDATE(),'43FE6476-CD7B-493B-8044-C7E3149D0876',GETDATE())
insert SEC_User(ID,OrgID,Name,LoginID,Email,MobilePhone,Telephone,IM,Birthday,Rank,Sex,[Password],[Status],[CreatedBy],[CreatedDate], [LastUpdatedBy], [LastUpdatedDate]) 
values(	'AA9E1D7B-4CC8-462B-8ADB-B7B0AE3CCB03'	,	'465D7FF3-4322-4366-B88E-D9CE261F6D23'	,	'郭军'	,'guojun'	,	'guojun@orient.net'	,	'15918451139'	,	NULL	,	'guojun@orient.net',NULL,'','M','ICy5YqxZB1uWSwcVLSNLcA==','enabled','43FE6476-CD7B-493B-8044-C7E3149D0876',GETDATE(),'43FE6476-CD7B-493B-8044-C7E3149D0876',GETDATE())
insert SEC_User(ID,OrgID,Name,LoginID,Email,MobilePhone,Telephone,IM,Birthday,Rank,Sex,[Password],[Status],[CreatedBy],[CreatedDate], [LastUpdatedBy], [LastUpdatedDate]) 
values(	'BBDDA2B3-5438-4766-8F88-6EFC659F374B'	,	'6AEF4F2B-5D21-4429-BA06-3A6157ED0AC3'	,	'郝枝全'	,'haozq'	,	'haozq@orient.net'	,	'13760719036'	,	NULL	,	'haozq@orient.net',NULL,'','M','ICy5YqxZB1uWSwcVLSNLcA==','enabled','43FE6476-CD7B-493B-8044-C7E3149D0876',GETDATE(),'43FE6476-CD7B-493B-8044-C7E3149D0876',GETDATE())
insert SEC_User(ID,OrgID,Name,LoginID,Email,MobilePhone,Telephone,IM,Birthday,Rank,Sex,[Password],[Status],[CreatedBy],[CreatedDate], [LastUpdatedBy], [LastUpdatedDate]) 
values(	'A1567FD0-98E2-4669-B1FD-9EEF6C684D67'	,	'FD27BB75-B06E-432F-8B48-952158B98E62'	,	'何斌'	,'hebin'	,	'hebin@occident.com'	,	'13723513342'	,	NULL	,	''	,NULL,	'','M','ICy5YqxZB1uWSwcVLSNLcA==','enabled','43FE6476-CD7B-493B-8044-C7E3149D0876',GETDATE(),'43FE6476-CD7B-493B-8044-C7E3149D0876',GETDATE())
insert SEC_User(ID,OrgID,Name,LoginID,Email,MobilePhone,Telephone,IM,Birthday,Rank,Sex,[Password],[Status],[CreatedBy],[CreatedDate], [LastUpdatedBy], [LastUpdatedDate]) 
values(	'5627FACC-9B40-4235-9B20-EF1BAFEE8651'	,	'E688141A-5191-452A-A3C7-172E5B711669'	,	'何连霞'	,'helx'	,	'helx@orient.net'	,	'13189089184'	,	NULL	,	'helx@orient.net',NULL,'','M','ICy5YqxZB1uWSwcVLSNLcA==','enabled','43FE6476-CD7B-493B-8044-C7E3149D0876',GETDATE(),'43FE6476-CD7B-493B-8044-C7E3149D0876',GETDATE())
insert SEC_User(ID,OrgID,Name,LoginID,Email,MobilePhone,Telephone,IM,Birthday,Rank,Sex,[Password],[Status],[CreatedBy],[CreatedDate], [LastUpdatedBy], [LastUpdatedDate]) 
values(	'E0DAD60D-8713-4433-91F7-142D5AC6513E'	,	'43C3A92E-9797-466F-8A0E-A7B7C654F97F'	,	'何文静c'	,'hewj'	,	'hewj@orient.net'	,	'13751792406'	,	''	,	'hewj@orient.net'	,	NULL	,'','M','ICy5YqxZB1uWSwcVLSNLcA==','enabled','43FE6476-CD7B-493B-8044-C7E3149D0876',GETDATE(),'43FE6476-CD7B-493B-8044-C7E3149D0876',GETDATE())
insert SEC_User(ID,OrgID,Name,LoginID,Email,MobilePhone,Telephone,IM,Birthday,Rank,Sex,[Password],[Status],[CreatedBy],[CreatedDate], [LastUpdatedBy], [LastUpdatedDate]) 
values(	'153D2F4E-024A-4727-932C-CD8C19109AB7'	,	'5417548F-6152-4731-B082-652374A3DCA5'	,	'何勇忠'	,'heyz'	,	'heyz@orient.net'	,	'13802926778'	,	NULL	,	'heyz@occident.com',NULL,'','M','ICy5YqxZB1uWSwcVLSNLcA==','enabled','43FE6476-CD7B-493B-8044-C7E3149D0876',GETDATE(),'43FE6476-CD7B-493B-8044-C7E3149D0876',GETDATE())
insert SEC_User(ID,OrgID,Name,LoginID,Email,MobilePhone,Telephone,IM,Birthday,Rank,Sex,[Password],[Status],[CreatedBy],[CreatedDate], [LastUpdatedBy], [LastUpdatedDate]) 
values(	'042BE8DB-2D55-4E9A-9CE2-0916B7FFF66F'	,	'465D7FF3-4322-4366-B88E-D9CE261F6D23'	,	'洪宏涛'	,'honght'	,	'honght@orient.net'	,	'13424124913'	,	NULL	,	'honght@orient.net',NULL,'','M','ICy5YqxZB1uWSwcVLSNLcA==','enabled','43FE6476-CD7B-493B-8044-C7E3149D0876',GETDATE(),'43FE6476-CD7B-493B-8044-C7E3149D0876',GETDATE())
insert SEC_User(ID,OrgID,Name,LoginID,Email,MobilePhone,Telephone,IM,Birthday,Rank,Sex,[Password],[Status],[CreatedBy],[CreatedDate], [LastUpdatedBy], [LastUpdatedDate]) 
values(	'F60C8129-A1AA-4407-AB4A-697165E4D853'	,	'10413097-4550-4E25-BCA9-38F157497F91'	,	'洪伟伟'	,'hongww'	,	'hongww@orient.net'	,	'13760799055'	,	NULL	,	'hongww@orient.net',NULL,'','M','ICy5YqxZB1uWSwcVLSNLcA==','enabled','43FE6476-CD7B-493B-8044-C7E3149D0876',GETDATE(),'43FE6476-CD7B-493B-8044-C7E3149D0876',GETDATE())
insert SEC_User(ID,OrgID,Name,LoginID,Email,MobilePhone,Telephone,IM,Birthday,Rank,Sex,[Password],[Status],[CreatedBy],[CreatedDate], [LastUpdatedBy], [LastUpdatedDate]) 
values(	'DE507F12-5BB5-49BB-9C2B-A48379FB64B3'	,	'43C3A92E-9797-466F-8A0E-A7B7C654F97F'	,	'黄高健'	,'huanggj'	,	'huanggj@orient.net'	,	'13711788558'	,	NULL	,	'huanggj@orient.net',NULL,'','M','ICy5YqxZB1uWSwcVLSNLcA==','enabled','43FE6476-CD7B-493B-8044-C7E3149D0876',GETDATE(),'43FE6476-CD7B-493B-8044-C7E3149D0876',GETDATE())
insert SEC_User(ID,OrgID,Name,LoginID,Email,MobilePhone,Telephone,IM,Birthday,Rank,Sex,[Password],[Status],[CreatedBy],[CreatedDate], [LastUpdatedBy], [LastUpdatedDate]) 
values(	'04F89B32-02DD-438E-9AE1-651B2BF693B8'	,	'10413097-4550-4E25-BCA9-38F157497F91'	,	'江晶'	,'jiangj'	,	'jiangj@orient.net'	,	'13631330150'	,	NULL	,	'jiangj@orient.net',NULL,'','M','ICy5YqxZB1uWSwcVLSNLcA==','enabled','43FE6476-CD7B-493B-8044-C7E3149D0876',GETDATE(),'43FE6476-CD7B-493B-8044-C7E3149D0876',GETDATE())
insert SEC_User(ID,OrgID,Name,LoginID,Email,MobilePhone,Telephone,IM,Birthday,Rank,Sex,[Password],[Status],[CreatedBy],[CreatedDate], [LastUpdatedBy], [LastUpdatedDate]) 
values(	'ACA7F179-64F6-479A-828B-1A92CB9D9C3F'	,	'0998CCC4-B599-4DFD-9F34-6B8C79A13113'	,	'吉福晶'	,'jifj'	,	'jifj@orient.net'	,	'13711107155'	,	NULL	,	'jifj@orient.net',NULL,'','M','ICy5YqxZB1uWSwcVLSNLcA==','enabled','43FE6476-CD7B-493B-8044-C7E3149D0876',GETDATE(),'43FE6476-CD7B-493B-8044-C7E3149D0876',GETDATE())
insert SEC_User(ID,OrgID,Name,LoginID,Email,MobilePhone,Telephone,IM,Birthday,Rank,Sex,[Password],[Status],[CreatedBy],[CreatedDate], [LastUpdatedBy], [LastUpdatedDate]) 
values(	'F96EE810-01B7-450B-AB79-9BF03851BFDE'	,	'1F553FFF-07C0-4591-81D4-9805514C9C5A'	,	'吉国太'	,'jigt'	,	'jigt@orient.net'	,	'13910072508'	,	NULL	,	'jigt@orient.net',NULL,'','M','ICy5YqxZB1uWSwcVLSNLcA==','enabled','43FE6476-CD7B-493B-8044-C7E3149D0876',GETDATE(),'43FE6476-CD7B-493B-8044-C7E3149D0876',GETDATE())
insert SEC_User(ID,OrgID,Name,LoginID,Email,MobilePhone,Telephone,IM,Birthday,Rank,Sex,[Password],[Status],[CreatedBy],[CreatedDate], [LastUpdatedBy], [LastUpdatedDate]) 
values(	'4ECBA302-C989-4DEE-AABB-33D8F10BB7B1'	,	'A0BA54E7-5DF8-4D7E-B682-60EA9AB319EF'	,	'吉楠'	,'jinan'	,	'jinan@orient.net'	,	'13828425537'	,	NULL	,	'jinan@orient.net',NULL,'','M','ICy5YqxZB1uWSwcVLSNLcA==','enabled','43FE6476-CD7B-493B-8044-C7E3149D0876',GETDATE(),'43FE6476-CD7B-493B-8044-C7E3149D0876',GETDATE())
insert SEC_User(ID,OrgID,Name,LoginID,Email,MobilePhone,Telephone,IM,Birthday,Rank,Sex,[Password],[Status],[CreatedBy],[CreatedDate], [LastUpdatedBy], [LastUpdatedDate]) 
values(	'876317D5-00A7-4340-8E8B-CDC0D53DD205'	,	'10413097-4550-4E25-BCA9-38F157497F91'	,	'金鸣'	,'jinm'	,	'jinm@orient.net'	,	'13533536190'	,	NULL	,	'jinm@orient.net',NULL,'','M','ICy5YqxZB1uWSwcVLSNLcA==','enabled','43FE6476-CD7B-493B-8044-C7E3149D0876',GETDATE(),'43FE6476-CD7B-493B-8044-C7E3149D0876',GETDATE())
insert SEC_User(ID,OrgID,Name,LoginID,Email,MobilePhone,Telephone,IM,Birthday,Rank,Sex,[Password],[Status],[CreatedBy],[CreatedDate], [LastUpdatedBy], [LastUpdatedDate]) 
values(	'2153594D-89C5-406E-A395-777AE56EE6B7'	,	'465D7FF3-4322-4366-B88E-D9CE261F6D23'	,	'金南华'	,'jinnh'	,	'jinnh@orient.net'	,	'13570282864'	,	NULL	,	'jinnh@orient.net',NULL,'','M','ICy5YqxZB1uWSwcVLSNLcA==','enabled','43FE6476-CD7B-493B-8044-C7E3149D0876',GETDATE(),'43FE6476-CD7B-493B-8044-C7E3149D0876',GETDATE())
insert SEC_User(ID,OrgID,Name,LoginID,Email,MobilePhone,Telephone,IM,Birthday,Rank,Sex,[Password],[Status],[CreatedBy],[CreatedDate], [LastUpdatedBy], [LastUpdatedDate]) 
values(	'8032ED3A-1382-496F-9961-620F1B6E315F'	,	'2832FF40-404F-4FA6-8907-B906B6B8CC57'	,	'金玮'	,'jinw'	,	'jinw@orient.net'	,	'13926028250'	,	NULL	,	'jinw@orient.net',NULL,'','M','ICy5YqxZB1uWSwcVLSNLcA==','enabled','43FE6476-CD7B-493B-8044-C7E3149D0876',GETDATE(),'43FE6476-CD7B-493B-8044-C7E3149D0876',GETDATE())
insert SEC_User(ID,OrgID,Name,LoginID,Email,MobilePhone,Telephone,IM,Birthday,Rank,Sex,[Password],[Status],[CreatedBy],[CreatedDate], [LastUpdatedBy], [LastUpdatedDate]) 
values(	'82DCCD40-F04D-4B79-8AF9-D4E0C3592C1B'	,	'465D7FF3-4322-4366-B88E-D9CE261F6D23'	,	'金雨游'	,'jinyy'	,	'jinyy@orient.net'	,	'13580460145'	,	NULL	,	'jinyy@orient.net',NULL,'','M','ICy5YqxZB1uWSwcVLSNLcA==','enabled','43FE6476-CD7B-493B-8044-C7E3149D0876',GETDATE(),'43FE6476-CD7B-493B-8044-C7E3149D0876',GETDATE())
insert SEC_User(ID,OrgID,Name,LoginID,Email,MobilePhone,Telephone,IM,Birthday,Rank,Sex,[Password],[Status],[CreatedBy],[CreatedDate], [LastUpdatedBy], [LastUpdatedDate]) 
values(	'E1192289-53FE-4410-8FC6-DCC655B3E149'	,	'B9197265-1483-49A0-9325-864EE1AFC2CB'	,	'吉月'	,'jiyue'	,	'jiyue@orient.net'	,	'13301120613'	,	NULL	,	'jiyue@orient.net',NULL,'','M','ICy5YqxZB1uWSwcVLSNLcA==','enabled','43FE6476-CD7B-493B-8044-C7E3149D0876',GETDATE(),'43FE6476-CD7B-493B-8044-C7E3149D0876',GETDATE())
insert SEC_User(ID,OrgID,Name,LoginID,Email,MobilePhone,Telephone,IM,Birthday,Rank,Sex,[Password],[Status],[CreatedBy],[CreatedDate], [LastUpdatedBy], [LastUpdatedDate]) 
values(	'A59316B0-C40D-41F5-8CF2-36CA5B93BA5E'	,	'8962D2A6-7A6C-4832-8285-E48FB2FFA5F6'	,	'吉彦文'	,'kevin'	,	'kevin@orient.net'	,	'13910012479'	,	NULL	,	'kevin@orient.net',NULL,'','M','ICy5YqxZB1uWSwcVLSNLcA==','enabled','43FE6476-CD7B-493B-8044-C7E3149D0876',GETDATE(),'43FE6476-CD7B-493B-8044-C7E3149D0876',GETDATE())
insert SEC_User(ID,OrgID,Name,LoginID,Email,MobilePhone,Telephone,IM,Birthday,Rank,Sex,[Password],[Status],[CreatedBy],[CreatedDate], [LastUpdatedBy], [LastUpdatedDate]) 
values(	'78A5D552-0139-4E86-BD62-B551E6895B9A'	,	'D9BB116B-DC76-436A-8B2C-312242569134'	,	'赖健辉'	,'laijh'	,	'laijh@occident.com'	,	'13711177507'	,	NULL	,	'',NULL,'','M','ICy5YqxZB1uWSwcVLSNLcA==','enabled','43FE6476-CD7B-493B-8044-C7E3149D0876',GETDATE(),'43FE6476-CD7B-493B-8044-C7E3149D0876',GETDATE())
insert SEC_User(ID,OrgID,Name,LoginID,Email,MobilePhone,Telephone,IM,Birthday,Rank,Sex,[Password],[Status],[CreatedBy],[CreatedDate], [LastUpdatedBy], [LastUpdatedDate]) 
values(	'4F0EDA60-C42A-49B7-A210-63C2DA3E4356'	,	'2832FF40-404F-4FA6-8907-B906B6B8CC57'	,	'赖将'	,'laijiang'	,	'laijiang@orient.net'	,	'13580304507'	,	NULL	,	'laijiang@orient.net',NULL,'','M','ICy5YqxZB1uWSwcVLSNLcA==','enabled','43FE6476-CD7B-493B-8044-C7E3149D0876',GETDATE(),'43FE6476-CD7B-493B-8044-C7E3149D0876',GETDATE())
insert SEC_User(ID,OrgID,Name,LoginID,Email,MobilePhone,Telephone,IM,Birthday,Rank,Sex,[Password],[Status],[CreatedBy],[CreatedDate], [LastUpdatedBy], [LastUpdatedDate]) 
values(	'5733911F-E2EA-420D-8B68-757CB8ADE2A4'	,	'10413097-4550-4E25-BCA9-38F157497F91'	,	'赖捷'	,'laijie'	,	'laijie@orient.net'	,	'13725315270'	,	NULL	,	'laijie@orient.net',NULL,'','M','ICy5YqxZB1uWSwcVLSNLcA==','enabled','43FE6476-CD7B-493B-8044-C7E3149D0876',GETDATE(),'43FE6476-CD7B-493B-8044-C7E3149D0876',GETDATE())
insert SEC_User(ID,OrgID,Name,LoginID,Email,MobilePhone,Telephone,IM,Birthday,Rank,Sex,[Password],[Status],[CreatedBy],[CreatedDate], [LastUpdatedBy], [LastUpdatedDate]) 
values(	'BECCBC01-9C0A-42C8-90FE-499C1BA8329A'	,	'D9BB116B-DC76-436A-8B2C-312242569134'	,	'赖盆生'	,'laips'	,	'laips@occident.com'	,	'13450256069'	,	NULL	,	'laips@occident.com',NULL,'','M','ICy5YqxZB1uWSwcVLSNLcA==','enabled','43FE6476-CD7B-493B-8044-C7E3149D0876',GETDATE(),'43FE6476-CD7B-493B-8044-C7E3149D0876',GETDATE())
insert SEC_User(ID,OrgID,Name,LoginID,Email,MobilePhone,Telephone,IM,Birthday,Rank,Sex,[Password],[Status],[CreatedBy],[CreatedDate], [LastUpdatedBy], [LastUpdatedDate]) 
values(	'F244EA9B-9F70-44E6-8F04-DC8D743D8694'	,	'43C3A92E-9797-466F-8A0E-A7B7C654F97F'	,	'赖思楚'	,'laisc'	,	'laisc@orient.net'	,	'13925003550'	,	NULL	,	'laisc@orient.net',NULL,'','M','ICy5YqxZB1uWSwcVLSNLcA==','enabled','43FE6476-CD7B-493B-8044-C7E3149D0876',GETDATE(),'43FE6476-CD7B-493B-8044-C7E3149D0876',GETDATE())
insert SEC_User(ID,OrgID,Name,LoginID,Email,MobilePhone,Telephone,IM,Birthday,Rank,Sex,[Password],[Status],[CreatedBy],[CreatedDate], [LastUpdatedBy], [LastUpdatedDate]) 
values(	'BDECFB39-194B-4FC0-99C3-12385F9FE078'	,	'8194137F-8B96-40BA-92B2-E42D32B7CD24'	,	'雷文操'	,'leiwc'	,	'leiwc@orient.net'	,	'13025100763'	,	NULL	,	'leiwc@orient.net',NULL,'','M','ICy5YqxZB1uWSwcVLSNLcA==','enabled','43FE6476-CD7B-493B-8044-C7E3149D0876',GETDATE(),'43FE6476-CD7B-493B-8044-C7E3149D0876',GETDATE())
insert SEC_User(ID,OrgID,Name,LoginID,Email,MobilePhone,Telephone,IM,Birthday,Rank,Sex,[Password],[Status],[CreatedBy],[CreatedDate], [LastUpdatedBy], [LastUpdatedDate]) 
values(	'214893A5-4C74-497C-ABD3-89A12D861AD2'	,	'43C3A92E-9797-466F-8A0E-A7B7C654F97F'	,	'梁英'	,'liangying'	,	'liangying@orient.net'	,	'13609087237'	,	NULL	,	'liangying@orient.net',NULL,'','M','ICy5YqxZB1uWSwcVLSNLcA==','enabled','43FE6476-CD7B-493B-8044-C7E3149D0876',GETDATE(),'43FE6476-CD7B-493B-8044-C7E3149D0876',GETDATE())
insert SEC_User(ID,OrgID,Name,LoginID,Email,MobilePhone,Telephone,IM,Birthday,Rank,Sex,[Password],[Status],[CreatedBy],[CreatedDate], [LastUpdatedBy], [LastUpdatedDate]) 
values(	'6CAFC585-A346-486A-A4BF-B5662C3B2484'	,	'465D7FF3-4322-4366-B88E-D9CE261F6D23'	,	'李骥'	,'lij'	,	'lij@orient.net'	,	'13926089110'	,	NULL	,	'lij@orient.net',NULL,'','M','ICy5YqxZB1uWSwcVLSNLcA==','enabled','43FE6476-CD7B-493B-8044-C7E3149D0876',GETDATE(),'43FE6476-CD7B-493B-8044-C7E3149D0876',GETDATE())
insert SEC_User(ID,OrgID,Name,LoginID,Email,MobilePhone,Telephone,IM,Birthday,Rank,Sex,[Password],[Status],[CreatedBy],[CreatedDate], [LastUpdatedBy], [LastUpdatedDate]) 
values(	'80AF83E0-19D8-49A0-BC9F-8AA3CBEB4F01'	,	'0639C309-9A82-4A62-8E59-27F812509A61'	,	'李蒋云'	,'lijy'	,	'lijy@occident.com'	,	'13660390177'	,	NULL	,	'lijy@occident.com',NULL,'','M','ICy5YqxZB1uWSwcVLSNLcA==','enabled','43FE6476-CD7B-493B-8044-C7E3149D0876',GETDATE(),'43FE6476-CD7B-493B-8044-C7E3149D0876',GETDATE())
insert SEC_User(ID,OrgID,Name,LoginID,Email,MobilePhone,Telephone,IM,Birthday,Rank,Sex,[Password],[Status],[CreatedBy],[CreatedDate], [LastUpdatedBy], [LastUpdatedDate]) 
values(	'31EBEF3E-DEE6-4B89-90D4-9F1A04827BE8'	,	'C4A33E36-6397-430D-AC19-5EE4DEBA447E'	,	'连波'	,'lianbo'	,	'lianbo@orient.net'	,	'13671166327'	,	NULL	,	'lianbo@orient.net',NULL,'','M','ICy5YqxZB1uWSwcVLSNLcA==','enabled','43FE6476-CD7B-493B-8044-C7E3149D0876',GETDATE(),'43FE6476-CD7B-493B-8044-C7E3149D0876',GETDATE())
insert SEC_User(ID,OrgID,Name,LoginID,Email,MobilePhone,Telephone,IM,Birthday,Rank,Sex,[Password],[Status],[CreatedBy],[CreatedDate], [LastUpdatedBy], [LastUpdatedDate]) 
values(	'A686543B-56A7-43A3-AE2F-A115D162DA5D'	,	'8194137F-8B96-40BA-92B2-E42D32B7CD24'	,	'廖东燕'	,'liaody'	,	'liaody@orient.net'	,	'13710118745'	,	NULL	,	'liaody@orient.net',NULL,'','M','ICy5YqxZB1uWSwcVLSNLcA==','enabled','43FE6476-CD7B-493B-8044-C7E3149D0876',GETDATE(),'43FE6476-CD7B-493B-8044-C7E3149D0876',GETDATE())
insert SEC_User(ID,OrgID,Name,LoginID,Email,MobilePhone,Telephone,IM,Birthday,Rank,Sex,[Password],[Status],[CreatedBy],[CreatedDate], [LastUpdatedBy], [LastUpdatedDate]) 
values(	'3B4E7656-D3F7-4F12-A0D2-A7A4B5202EDD'	,	'D9BB116B-DC76-436A-8B2C-312242569134'	,	'廖锋'	,'liaofeng'	,	'liaofeng@occident.com'	,	'13632294229'	,	NULL	,	'liaofeng@occident.com',NULL,'','M','ICy5YqxZB1uWSwcVLSNLcA==','enabled','43FE6476-CD7B-493B-8044-C7E3149D0876',GETDATE(),'43FE6476-CD7B-493B-8044-C7E3149D0876',GETDATE())
insert SEC_User(ID,OrgID,Name,LoginID,Email,MobilePhone,Telephone,IM,Birthday,Rank,Sex,[Password],[Status],[CreatedBy],[CreatedDate], [LastUpdatedBy], [LastUpdatedDate]) 
values(	'77EF4642-2FDB-4DE3-A180-AABB9658AA67'	,	'10413097-4550-4E25-BCA9-38F157497F91'	,	'连瑞宽'	,'lianrk'	,	'lianrk@orient.net'	,	'13927511279'	,	NULL	,	'lianrk@orient.net',NULL,'','M','ICy5YqxZB1uWSwcVLSNLcA==','enabled','43FE6476-CD7B-493B-8044-C7E3149D0876',GETDATE(),'43FE6476-CD7B-493B-8044-C7E3149D0876',GETDATE())
insert SEC_User(ID,OrgID,Name,LoginID,Email,MobilePhone,Telephone,IM,Birthday,Rank,Sex,[Password],[Status],[CreatedBy],[CreatedDate], [LastUpdatedBy], [LastUpdatedDate]) 
values(	'681E9A93-3B6C-4304-BA67-44BB39CB9A1E'	,	'6AEF4F2B-5D21-4429-BA06-3A6157ED0AC3'	,	'廖少举'	,'liaosj'	,	'liaosj@orient.net'	,	'13580309353'	,	NULL	,	'liaosj@orient.net',NULL,'','M','ICy5YqxZB1uWSwcVLSNLcA==','enabled','43FE6476-CD7B-493B-8044-C7E3149D0876',GETDATE(),'43FE6476-CD7B-493B-8044-C7E3149D0876',GETDATE())
insert SEC_User(ID,OrgID,Name,LoginID,Email,MobilePhone,Telephone,IM,Birthday,Rank,Sex,[Password],[Status],[CreatedBy],[CreatedDate], [LastUpdatedBy], [LastUpdatedDate]) 
values(	'E30197EA-ADB4-470A-9B14-CFA083C7FB42'	,	'D9BB116B-DC76-436A-8B2C-312242569134'	,	'连文捷'	,'lianwj'	,	'lianwj@occident.com'	,	'13570273993'	,	NULL	,	'lianwj@occident.com',NULL,'','M','ICy5YqxZB1uWSwcVLSNLcA==','enabled','43FE6476-CD7B-493B-8044-C7E3149D0876',GETDATE(),'43FE6476-CD7B-493B-8044-C7E3149D0876',GETDATE())
insert SEC_User(ID,OrgID,Name,LoginID,Email,MobilePhone,Telephone,IM,Birthday,Rank,Sex,[Password],[Status],[CreatedBy],[CreatedDate], [LastUpdatedBy], [LastUpdatedDate]) 
values(	'D02C86CD-F1F6-4324-A2F2-6486A14AFAA9'	,	'D9BB116B-DC76-436A-8B2C-312242569134'	,	'连渭宁'	,'lianwn'	,	'lianwn@occident.com'	,	'13450299514'	,	NULL	,	'lianwn@occident.com',NULL,'','M','ICy5YqxZB1uWSwcVLSNLcA==','enabled','43FE6476-CD7B-493B-8044-C7E3149D0876',GETDATE(),'43FE6476-CD7B-493B-8044-C7E3149D0876',GETDATE())
insert SEC_User(ID,OrgID,Name,LoginID,Email,MobilePhone,Telephone,IM,Birthday,Rank,Sex,[Password],[Status],[CreatedBy],[CreatedDate], [LastUpdatedBy], [LastUpdatedDate]) 
values(	'62DF568B-A00C-4762-AE02-18E16315B047'	,	'6AEF4F2B-5D21-4429-BA06-3A6157ED0AC3'	,	'廖忻'	,'liaoxin'	,	'liaoxin@orient.net'	,	'13602762817'	,	NULL	,	'liaoxin@orient.net',NULL,'','M','ICy5YqxZB1uWSwcVLSNLcA==','enabled','43FE6476-CD7B-493B-8044-C7E3149D0876',GETDATE(),'43FE6476-CD7B-493B-8044-C7E3149D0876',GETDATE())
insert SEC_User(ID,OrgID,Name,LoginID,Email,MobilePhone,Telephone,IM,Birthday,Rank,Sex,[Password],[Status],[CreatedBy],[CreatedDate], [LastUpdatedBy], [LastUpdatedDate]) 
values(	'12067625-D5A5-4559-89C7-05148D127364'	,	'465D7FF3-4322-4366-B88E-D9CE261F6D23'	,	'廖阳'	,'liaoyang'	,	'liaoyang@orient.net'	,	'13925057697'	,	NULL	,	'liaoyang@orient.net',NULL,'','M','ICy5YqxZB1uWSwcVLSNLcA==','enabled','43FE6476-CD7B-493B-8044-C7E3149D0876',GETDATE(),'43FE6476-CD7B-493B-8044-C7E3149D0876',GETDATE())
insert SEC_User(ID,OrgID,Name,LoginID,Email,MobilePhone,Telephone,IM,Birthday,Rank,Sex,[Password],[Status],[CreatedBy],[CreatedDate], [LastUpdatedBy], [LastUpdatedDate]) 
values(	'96BE2986-5630-4B96-925C-7A109C688CAD'	,	'10413097-4550-4E25-BCA9-38F157497F91'	,	'连莹'	,'liaoying'	,	'liaoying@orient.net'	,	'13925151775'	,	NULL	,	'liaoying@orient.net',NULL,'','M','ICy5YqxZB1uWSwcVLSNLcA==','enabled','43FE6476-CD7B-493B-8044-C7E3149D0876',GETDATE(),'43FE6476-CD7B-493B-8044-C7E3149D0876',GETDATE())
insert SEC_User(ID,OrgID,Name,LoginID,Email,MobilePhone,Telephone,IM,Birthday,Rank,Sex,[Password],[Status],[CreatedBy],[CreatedDate], [LastUpdatedBy], [LastUpdatedDate]) 
values(	'B3723F2A-9C90-42D5-9EA6-A5F6C1D31AE6'	,	'A0BA54E7-5DF8-4D7E-B682-60EA9AB319EF'	,	'廖云'	,'liaoyun'	,	'liaoyun@orient.net'	,	'13520531611'	,	NULL	,	'liaoyun@orient.net',NULL,'','M','ICy5YqxZB1uWSwcVLSNLcA==','enabled','43FE6476-CD7B-493B-8044-C7E3149D0876',GETDATE(),'43FE6476-CD7B-493B-8044-C7E3149D0876',GETDATE())
insert SEC_User(ID,OrgID,Name,LoginID,Email,MobilePhone,Telephone,IM,Birthday,Rank,Sex,[Password],[Status],[CreatedBy],[CreatedDate], [LastUpdatedBy], [LastUpdatedDate]) 
values(	'AB622CF1-A0D2-49A0-A13C-107E75684E97'	,	'465D7FF3-4322-4366-B88E-D9CE261F6D23'	,	'廖泽'	,'liaoze'	,	'liaoze@orient.net'	,	'13660565760'	,	NULL	,	'liaoze@orient.net',NULL,'','M','ICy5YqxZB1uWSwcVLSNLcA==','enabled','43FE6476-CD7B-493B-8044-C7E3149D0876',GETDATE(),'43FE6476-CD7B-493B-8044-C7E3149D0876',GETDATE())
insert SEC_User(ID,OrgID,Name,LoginID,Email,MobilePhone,Telephone,IM,Birthday,Rank,Sex,[Password],[Status],[CreatedBy],[CreatedDate], [LastUpdatedBy], [LastUpdatedDate]) 
values(	'982736B8-89A6-474D-B015-367C2BE8367A'	,	'10413097-4550-4E25-BCA9-38F157497F91'	,	'连忠民'	,'lianzm'	,	'lianzm@orient.net'	,	'13660570626'	,	NULL	,	'lianzm@orient.net',NULL,'','M','ICy5YqxZB1uWSwcVLSNLcA==','enabled','43FE6476-CD7B-493B-8044-C7E3149D0876',GETDATE(),'43FE6476-CD7B-493B-8044-C7E3149D0876',GETDATE())
insert SEC_User(ID,OrgID,Name,LoginID,Email,MobilePhone,Telephone,IM,Birthday,Rank,Sex,[Password],[Status],[CreatedBy],[CreatedDate], [LastUpdatedBy], [LastUpdatedDate]) 
values(	'EDDEA540-511B-4CA0-93E4-C9F8353D64D4'	,	'D9BB116B-DC76-436A-8B2C-312242569134'	,	'李裴圣'	,'liqsh'	,	'liqsh@occident.com'	,	'13631397958'	,	NULL	,	'liqsh@occident.com',NULL,'','M','ICy5YqxZB1uWSwcVLSNLcA==','enabled','43FE6476-CD7B-493B-8044-C7E3149D0876',GETDATE(),'43FE6476-CD7B-493B-8044-C7E3149D0876',GETDATE())
insert SEC_User(ID,OrgID,Name,LoginID,Email,MobilePhone,Telephone,IM,Birthday,Rank,Sex,[Password],[Status],[CreatedBy],[CreatedDate], [LastUpdatedBy], [LastUpdatedDate]) 
values(	'E293EBE3-BE3C-4EEB-9305-36B68B7B194A'	,	'D9BB116B-DC76-436A-8B2C-312242569134'	,	'李斯毅'	,'lisy'	,	'lisy@occident.com'	,	'13711321306'	,	NULL	,	'lisy@occident.com',NULL,'','M','ICy5YqxZB1uWSwcVLSNLcA==','enabled','43FE6476-CD7B-493B-8044-C7E3149D0876',GETDATE(),'43FE6476-CD7B-493B-8044-C7E3149D0876',GETDATE())
insert SEC_User(ID,OrgID,Name,LoginID,Email,MobilePhone,Telephone,IM,Birthday,Rank,Sex,[Password],[Status],[CreatedBy],[CreatedDate], [LastUpdatedBy], [LastUpdatedDate]) 
values(	'74B6ABCD-3B6B-4505-9E59-F58D650543B8'	,	'6AEF4F2B-5D21-4429-BA06-3A6157ED0AC3'	,	'刘应谦'	,'liuyq'	,	'liuyq@orient.net'	,	'13560210256'	,	NULL	,	'liuyq@orient.net',NULL,'','M','ICy5YqxZB1uWSwcVLSNLcA==','enabled','43FE6476-CD7B-493B-8044-C7E3149D0876',GETDATE(),'43FE6476-CD7B-493B-8044-C7E3149D0876',GETDATE())
insert SEC_User(ID,OrgID,Name,LoginID,Email,MobilePhone,Telephone,IM,Birthday,Rank,Sex,[Password],[Status],[CreatedBy],[CreatedDate], [LastUpdatedBy], [LastUpdatedDate]) 
values(	'C3E02B44-6AA8-4207-9F1E-AE71C1E7E13B'	,	'10413097-4550-4E25-BCA9-38F157497F91'	,	'刘志伟'	,'liuzw'	,	'liuzw@occident.com'	,	'13516667099'	,	NULL	,	'liuzw@occident.com',NULL,'','M','ICy5YqxZB1uWSwcVLSNLcA==','enabled','43FE6476-CD7B-493B-8044-C7E3149D0876',GETDATE(),'43FE6476-CD7B-493B-8044-C7E3149D0876',GETDATE())
insert SEC_User(ID,OrgID,Name,LoginID,Email,MobilePhone,Telephone,IM,Birthday,Rank,Sex,[Password],[Status],[CreatedBy],[CreatedDate], [LastUpdatedBy], [LastUpdatedDate]) 
values(	'2B5808E6-B71D-41A8-9B4D-7FA694632CB0'	,	'E688141A-5191-452A-A3C7-172E5B711669'	,	'李燕如'	,'liyanru'	,	'liyanru@orient.net'	,	'13570450797'	,	NULL	,	'liyanru@orient.net',NULL,'','M','ICy5YqxZB1uWSwcVLSNLcA==','enabled','43FE6476-CD7B-493B-8044-C7E3149D0876',GETDATE(),'43FE6476-CD7B-493B-8044-C7E3149D0876',GETDATE())
insert SEC_User(ID,OrgID,Name,LoginID,Email,MobilePhone,Telephone,IM,Birthday,Rank,Sex,[Password],[Status],[CreatedBy],[CreatedDate], [LastUpdatedBy], [LastUpdatedDate]) 
values(	'E9999BDD-8E24-4E29-94CB-0CAE03B83233'	,	'465D7FF3-4322-4366-B88E-D9CE261F6D23'	,	'李永超'	,'liyc'	,	'liyc@orient.net'	,	'13826449030'	,	NULL	,	'liyc@orient.net',NULL,'','M','ICy5YqxZB1uWSwcVLSNLcA==','enabled','43FE6476-CD7B-493B-8044-C7E3149D0876',GETDATE(),'43FE6476-CD7B-493B-8044-C7E3149D0876',GETDATE())
insert SEC_User(ID,OrgID,Name,LoginID,Email,MobilePhone,Telephone,IM,Birthday,Rank,Sex,[Password],[Status],[CreatedBy],[CreatedDate], [LastUpdatedBy], [LastUpdatedDate]) 
values(	'D69FD77F-ECD6-48BB-8C2D-1A7D1D7279C6'	,	'6AEF4F2B-5D21-4429-BA06-3A6157ED0AC3'	,	'李业锋'	,'liyf'	,	'liyf@orient.net'	,	'13824482015'	,	NULL	,	'liyf@orient.net',NULL,'','M','ICy5YqxZB1uWSwcVLSNLcA==','enabled','43FE6476-CD7B-493B-8044-C7E3149D0876',GETDATE(),'43FE6476-CD7B-493B-8044-C7E3149D0876',GETDATE())
insert SEC_User(ID,OrgID,Name,LoginID,Email,MobilePhone,Telephone,IM,Birthday,Rank,Sex,[Password],[Status],[CreatedBy],[CreatedDate], [LastUpdatedBy], [LastUpdatedDate]) 
values(	'E6E7F69F-7257-49AD-9C6C-A84638D156F3'	,	'63EBB5FB-F5D0-4A73-8AC6-0A27C476AE09'	,	'龙柏荣'	,'longbr'	,	'longbr@orient.net'	,	'13570389481'	,	NULL	,	'longbr@orient.net',NULL,'','M','ICy5YqxZB1uWSwcVLSNLcA==','enabled','43FE6476-CD7B-493B-8044-C7E3149D0876',GETDATE(),'43FE6476-CD7B-493B-8044-C7E3149D0876',GETDATE())
insert SEC_User(ID,OrgID,Name,LoginID,Email,MobilePhone,Telephone,IM,Birthday,Rank,Sex,[Password],[Status],[CreatedBy],[CreatedDate], [LastUpdatedBy], [LastUpdatedDate]) 
values(	'0F54BAAE-0572-4BEA-BAD1-1AE141492090'	,	'465D7FF3-4322-4366-B88E-D9CE261F6D23'	,	'卢华敏'	,'luhm'	,	'luhm@orient.net'	,	'13822188256'	,	NULL	,	'luhm@orient.net',NULL,'','M','ICy5YqxZB1uWSwcVLSNLcA==','enabled','43FE6476-CD7B-493B-8044-C7E3149D0876',GETDATE(),'43FE6476-CD7B-493B-8044-C7E3149D0876',GETDATE())
insert SEC_User(ID,OrgID,Name,LoginID,Email,MobilePhone,Telephone,IM,Birthday,Rank,Sex,[Password],[Status],[CreatedBy],[CreatedDate], [LastUpdatedBy], [LastUpdatedDate]) 
values(	'8F8BF4E2-F322-4ACC-BDC0-E6BEC4B4AF56'	,	'204E9258-E051-466B-854C-D2F4CBF96EAB'	,	'罗斯敏'	,'luosm'	,	'luosm@orient.net'	,	'13560438307'	,	NULL	,	'luosm@orient.net',NULL,'','M','ICy5YqxZB1uWSwcVLSNLcA==','enabled','43FE6476-CD7B-493B-8044-C7E3149D0876',GETDATE(),'43FE6476-CD7B-493B-8044-C7E3149D0876',GETDATE())
insert SEC_User(ID,OrgID,Name,LoginID,Email,MobilePhone,Telephone,IM,Birthday,Rank,Sex,[Password],[Status],[CreatedBy],[CreatedDate], [LastUpdatedBy], [LastUpdatedDate]) 
values(	'8C65DD12-038A-4AEA-8D17-40AE0775F1D1'	,	'43C3A92E-9797-466F-8A0E-A7B7C654F97F'	,	'区昱'	,'ouy'	,	'ouy@orient.net'	,	'13798152607'	,	NULL	,	'ouy@orient.net',NULL,'','M','ICy5YqxZB1uWSwcVLSNLcA==','enabled','43FE6476-CD7B-493B-8044-C7E3149D0876',GETDATE(),'43FE6476-CD7B-493B-8044-C7E3149D0876',GETDATE())
insert SEC_User(ID,OrgID,Name,LoginID,Email,MobilePhone,Telephone,IM,Birthday,Rank,Sex,[Password],[Status],[CreatedBy],[CreatedDate], [LastUpdatedBy], [LastUpdatedDate]) 
values(	'7DEEA44C-07B9-4F90-867E-95405FE740F5'	,	'D9BB116B-DC76-436A-8B2C-312242569134'	,	'潘浩'	,'panh'	,	'panh@occident.com'	,	'13917475084'	,	NULL	,	'panh@occident.com',NULL,'','M','ICy5YqxZB1uWSwcVLSNLcA==','enabled','43FE6476-CD7B-493B-8044-C7E3149D0876',GETDATE(),'43FE6476-CD7B-493B-8044-C7E3149D0876',GETDATE())
insert SEC_User(ID,OrgID,Name,LoginID,Email,MobilePhone,Telephone,IM,Birthday,Rank,Sex,[Password],[Status],[CreatedBy],[CreatedDate], [LastUpdatedBy], [LastUpdatedDate]) 
values(	'0ABDCC62-900D-442B-B092-4489C0CD5F93'	,	'C6626CD7-CAA7-45FE-AC3F-DAD08B2CDF5B'	,	'潘娟'	,'panjuan'	,	'panjuan@occident.com'	,	'13910922332'	,	NULL	,	'panjuan@occident.com',NULL,'','M','ICy5YqxZB1uWSwcVLSNLcA==','enabled','43FE6476-CD7B-493B-8044-C7E3149D0876',GETDATE(),'43FE6476-CD7B-493B-8044-C7E3149D0876',GETDATE())
insert SEC_User(ID,OrgID,Name,LoginID,Email,MobilePhone,Telephone,IM,Birthday,Rank,Sex,[Password],[Status],[CreatedBy],[CreatedDate], [LastUpdatedBy], [LastUpdatedDate]) 
values(	'6208255C-7B80-4018-A118-755DBC6D3343'	,	'C4A33E36-6397-430D-AC19-5EE4DEBA447E'	,	'裴德李'	,'peidl'	,	'peidl@orient.net'	,	'13502911234'	,	NULL	,	'peidl@orient.net',NULL,'','M','ICy5YqxZB1uWSwcVLSNLcA==','enabled','43FE6476-CD7B-493B-8044-C7E3149D0876',GETDATE(),'43FE6476-CD7B-493B-8044-C7E3149D0876',GETDATE())
insert SEC_User(ID,OrgID,Name,LoginID,Email,MobilePhone,Telephone,IM,Birthday,Rank,Sex,[Password],[Status],[CreatedBy],[CreatedDate], [LastUpdatedBy], [LastUpdatedDate]) 
values(	'E0844822-2BFD-4F85-B895-9E64A1876D8C'	,	'465D7FF3-4322-4366-B88E-D9CE261F6D23'	,	'彭楚生'	,'pengchsh'	,	'pengchsh@orient.net'	,	'13560392970'	,	NULL	,	'pengchsh@orient.net',NULL,'','M','ICy5YqxZB1uWSwcVLSNLcA==','enabled','43FE6476-CD7B-493B-8044-C7E3149D0876',GETDATE(),'43FE6476-CD7B-493B-8044-C7E3149D0876',GETDATE())
insert SEC_User(ID,OrgID,Name,LoginID,Email,MobilePhone,Telephone,IM,Birthday,Rank,Sex,[Password],[Status],[CreatedBy],[CreatedDate], [LastUpdatedBy], [LastUpdatedDate]) 
values(	'4DB9BC7F-7C0F-46DD-BE7F-A45D3EBFE834'	,	'6AEF4F2B-5D21-4429-BA06-3A6157ED0AC3'	,	'彭文辉'	,'pengwh'	,	'pengwh@orient.net'	,	'13570479050'	,	NULL	,	'pengwh@orient.net',NULL,'','M','ICy5YqxZB1uWSwcVLSNLcA==','enabled','43FE6476-CD7B-493B-8044-C7E3149D0876',GETDATE(),'43FE6476-CD7B-493B-8044-C7E3149D0876',GETDATE())
insert SEC_User(ID,OrgID,Name,LoginID,Email,MobilePhone,Telephone,IM,Birthday,Rank,Sex,[Password],[Status],[CreatedBy],[CreatedDate], [LastUpdatedBy], [LastUpdatedDate]) 
values(	'E5108977-4002-46C0-905B-24846E5A082B'	,	'D9BB116B-DC76-436A-8B2C-312242569134'	,	'齐弘'	,'qihong'	,	'qihong@occident.com'	,	'13681235478'	,	NULL	,	'qihong@occident.com',NULL,'','M','ICy5YqxZB1uWSwcVLSNLcA==','enabled','43FE6476-CD7B-493B-8044-C7E3149D0876',GETDATE(),'43FE6476-CD7B-493B-8044-C7E3149D0876',GETDATE())
insert SEC_User(ID,OrgID,Name,LoginID,Email,MobilePhone,Telephone,IM,Birthday,Rank,Sex,[Password],[Status],[CreatedBy],[CreatedDate], [LastUpdatedBy], [LastUpdatedDate]) 
values(	'BA611285-33C7-4D8E-83B0-A655F97B4ECE'	,	'D9BB116B-DC76-436A-8B2C-312242569134'	,	'邱鹰'	,'qiuying'	,	'qiuying@occident.com'	,	'13719333408'	,	NULL	,	'qiuying@occident.com',NULL,'','M','ICy5YqxZB1uWSwcVLSNLcA==','enabled','43FE6476-CD7B-493B-8044-C7E3149D0876',GETDATE(),'43FE6476-CD7B-493B-8044-C7E3149D0876',GETDATE())
insert SEC_User(ID,OrgID,Name,LoginID,Email,MobilePhone,Telephone,IM,Birthday,Rank,Sex,[Password],[Status],[CreatedBy],[CreatedDate], [LastUpdatedBy], [LastUpdatedDate]) 
values(	'D1595BA5-F058-478C-B513-459DD1C78F93'	,	'6BEE2AF0-F68E-403F-A9F2-47610BDC6973'	,	'石吉冬欣'	,'shijidx'	,	'shijidx@occident.com'	,	'13503161381'	,	NULL	,	'shijidx@occident.com',NULL,'','M','ICy5YqxZB1uWSwcVLSNLcA==','enabled','43FE6476-CD7B-493B-8044-C7E3149D0876',GETDATE(),'43FE6476-CD7B-493B-8044-C7E3149D0876',GETDATE())
insert SEC_User(ID,OrgID,Name,LoginID,Email,MobilePhone,Telephone,IM,Birthday,Rank,Sex,[Password],[Status],[CreatedBy],[CreatedDate], [LastUpdatedBy], [LastUpdatedDate]) 
values(	'5AA45C4E-9EC1-4156-BB7C-1C2EC682A9C5'	,	'0998CCC4-B599-4DFD-9F34-6B8C79A13113'	,	'石金丽'	,'shijinl'	,	'shijinl@orient.net'	,	'13610209508'	,	NULL	,	'shijinl@orient.net',NULL,'','M','ICy5YqxZB1uWSwcVLSNLcA==','enabled','43FE6476-CD7B-493B-8044-C7E3149D0876',GETDATE(),'43FE6476-CD7B-493B-8044-C7E3149D0876',GETDATE())
insert SEC_User(ID,OrgID,Name,LoginID,Email,MobilePhone,Telephone,IM,Birthday,Rank,Sex,[Password],[Status],[CreatedBy],[CreatedDate], [LastUpdatedBy], [LastUpdatedDate]) 
values(	'851A0C82-7E5D-43C3-B877-5264BA1238CA'	,	'465D7FF3-4322-4366-B88E-D9CE261F6D23'	,	'石王广科'	,'shiwanggk'	,	'shiwanggk@orient.net'	,	'13922715857'	,	NULL	,	'shiwanggk@orient.net',NULL,'','M','ICy5YqxZB1uWSwcVLSNLcA==','enabled','43FE6476-CD7B-493B-8044-C7E3149D0876',GETDATE(),'43FE6476-CD7B-493B-8044-C7E3149D0876',GETDATE())
insert SEC_User(ID,OrgID,Name,LoginID,Email,MobilePhone,Telephone,IM,Birthday,Rank,Sex,[Password],[Status],[CreatedBy],[CreatedDate], [LastUpdatedBy], [LastUpdatedDate]) 
values(	'8384E820-0427-4557-95A4-C510C0ACEA7B'	,	'60B979B7-4390-4E00-A690-5BB39CC452DB'	,	'何海'	,'stephenh'	,	'stephenh@orient.net'	,	'13902302198'	,	NULL	,	'stephenh@orient.net',NULL,'','M','ICy5YqxZB1uWSwcVLSNLcA==','enabled','43FE6476-CD7B-493B-8044-C7E3149D0876',GETDATE(),'43FE6476-CD7B-493B-8044-C7E3149D0876',GETDATE())
insert SEC_User(ID,OrgID,Name,LoginID,Email,MobilePhone,Telephone,IM,Birthday,Rank,Sex,[Password],[Status],[CreatedBy],[CreatedDate], [LastUpdatedBy], [LastUpdatedDate]) 
values(	'A871D916-BC88-41C3-8F66-202F860C9D8B'	,	'6AEF4F2B-5D21-4429-BA06-3A6157ED0AC3'	,	'王绍高'	,'wangsg'	,	'wangsg@orient.net'	,	'13719200203'	,	NULL	,	'wangsg@orient.net',NULL,'','M','ICy5YqxZB1uWSwcVLSNLcA==','enabled','43FE6476-CD7B-493B-8044-C7E3149D0876',GETDATE(),'43FE6476-CD7B-493B-8044-C7E3149D0876',GETDATE())
insert SEC_User(ID,OrgID,Name,LoginID,Email,MobilePhone,Telephone,IM,Birthday,Rank,Sex,[Password],[Status],[CreatedBy],[CreatedDate], [LastUpdatedBy], [LastUpdatedDate]) 
values(	'4D19C3B6-3249-4C4E-AB29-FA7F7A7A3E59'	,	'ABA419FD-8A9F-4EF5-B026-8991ECAD79B0'	,	'王亚琼'	,'wangyq'	,	'wangyq@occident.com'	,	'13600066533'	,	NULL	,	'wangyq@occident.com',NULL,'','M','ICy5YqxZB1uWSwcVLSNLcA==','enabled','43FE6476-CD7B-493B-8044-C7E3149D0876',GETDATE(),'43FE6476-CD7B-493B-8044-C7E3149D0876',GETDATE())
insert SEC_User(ID,OrgID,Name,LoginID,Email,MobilePhone,Telephone,IM,Birthday,Rank,Sex,[Password],[Status],[CreatedBy],[CreatedDate], [LastUpdatedBy], [LastUpdatedDate]) 
values(	'F648D519-D775-4F80-8B2F-C3A459848BC7'	,	'E688141A-5191-452A-A3C7-172E5B711669'	,	'魏莉妍'	,'weiliyan'	,	'weiliyan@orient.net'	,	'13710907628'	,	NULL	,	'weiliyan@orient.net',NULL,'','M','ICy5YqxZB1uWSwcVLSNLcA==','enabled','43FE6476-CD7B-493B-8044-C7E3149D0876',GETDATE(),'43FE6476-CD7B-493B-8044-C7E3149D0876',GETDATE())
insert SEC_User(ID,OrgID,Name,LoginID,Email,MobilePhone,Telephone,IM,Birthday,Rank,Sex,[Password],[Status],[CreatedBy],[CreatedDate], [LastUpdatedBy], [LastUpdatedDate]) 
values(	'D85699F4-1D26-4340-8EB8-443787FE4A1C'	,	'D9BB116B-DC76-436A-8B2C-312242569134'	,	'魏文庆'	,'weiwq'	,	'weiwq@occident.com'	,	'13824436706'	,	NULL	,	'weiwq@occident.com',NULL,'','M','ICy5YqxZB1uWSwcVLSNLcA==','enabled','43FE6476-CD7B-493B-8044-C7E3149D0876',GETDATE(),'43FE6476-CD7B-493B-8044-C7E3149D0876',GETDATE())
insert SEC_User(ID,OrgID,Name,LoginID,Email,MobilePhone,Telephone,IM,Birthday,Rank,Sex,[Password],[Status],[CreatedBy],[CreatedDate], [LastUpdatedBy], [LastUpdatedDate]) 
values(	'CF6132F4-88ED-47C3-ACF5-EFD3C277B220'	,	'10413097-4550-4E25-BCA9-38F157497F91'	,	'韦雪莲'	,'weixuelian'	,	'weixuelian@orient.net'	,	'13711473546'	,	NULL	,	'weixuelian@orient.net',NULL,'','M','ICy5YqxZB1uWSwcVLSNLcA==','enabled','43FE6476-CD7B-493B-8044-C7E3149D0876',GETDATE(),'43FE6476-CD7B-493B-8044-C7E3149D0876',GETDATE())
insert SEC_User(ID,OrgID,Name,LoginID,Email,MobilePhone,Telephone,IM,Birthday,Rank,Sex,[Password],[Status],[CreatedBy],[CreatedDate], [LastUpdatedBy], [LastUpdatedDate]) 
values(	'E66B1781-2D19-42A8-B3E5-10AEFA1E8947'	,	'D9BB116B-DC76-436A-8B2C-312242569134'	,	'卢国荣'	,'winglu'	,	'winglu@orient.net'	,	'13903053659'	,	NULL	,	'winglu@occident.com',NULL,'','M','ICy5YqxZB1uWSwcVLSNLcA==','enabled','43FE6476-CD7B-493B-8044-C7E3149D0876',GETDATE(),'43FE6476-CD7B-493B-8044-C7E3149D0876',GETDATE())
insert SEC_User(ID,OrgID,Name,LoginID,Email,MobilePhone,Telephone,IM,Birthday,Rank,Sex,[Password],[Status],[CreatedBy],[CreatedDate], [LastUpdatedBy], [LastUpdatedDate]) 
values(	'EE74ED31-8C3E-47E3-A008-1F94A1F26859'	,	'A0BA54E7-5DF8-4D7E-B682-60EA9AB319EF'	,	'武兴增'	,'wuxz'	,	'wuxz@orient.net'	,	'13718983109'	,	NULL	,	'wuxz@orient.net',NULL,'','M','ICy5YqxZB1uWSwcVLSNLcA==','enabled','43FE6476-CD7B-493B-8044-C7E3149D0876',GETDATE(),'43FE6476-CD7B-493B-8044-C7E3149D0876',GETDATE())
insert SEC_User(ID,OrgID,Name,LoginID,Email,MobilePhone,Telephone,IM,Birthday,Rank,Sex,[Password],[Status],[CreatedBy],[CreatedDate], [LastUpdatedBy], [LastUpdatedDate]) 
values(	'8196DB0F-2179-4E4F-9878-B98153C51619'	,	'465D7FF3-4322-4366-B88E-D9CE261F6D23'	,	'吴扬'	,'wuyang'	,	'wuyang@orient.net'	,	'13825181072'	,	NULL	,	'wuyang@orient.net',NULL,'','M','ICy5YqxZB1uWSwcVLSNLcA==','enabled','43FE6476-CD7B-493B-8044-C7E3149D0876',GETDATE(),'43FE6476-CD7B-493B-8044-C7E3149D0876',GETDATE())
insert SEC_User(ID,OrgID,Name,LoginID,Email,MobilePhone,Telephone,IM,Birthday,Rank,Sex,[Password],[Status],[CreatedBy],[CreatedDate], [LastUpdatedBy], [LastUpdatedDate]) 
values(	'65619042-9F90-4658-8AAC-8A82CF493EEF'	,	'D9BB116B-DC76-436A-8B2C-312242569134'	,	'邬运强'	,'wuyq'	,	'wuyq@occident.com'	,	'13826094122'	,	NULL	,	'wuyq@occident.com',NULL,'','M','ICy5YqxZB1uWSwcVLSNLcA==','enabled','43FE6476-CD7B-493B-8044-C7E3149D0876',GETDATE(),'43FE6476-CD7B-493B-8044-C7E3149D0876',GETDATE())
insert SEC_User(ID,OrgID,Name,LoginID,Email,MobilePhone,Telephone,IM,Birthday,Rank,Sex,[Password],[Status],[CreatedBy],[CreatedDate], [LastUpdatedBy], [LastUpdatedDate]) 
values(	'C8A0B7E8-BDB2-4E10-8395-98474F3C48E7'	,	'ABA419FD-8A9F-4EF5-B026-8991ECAD79B0'	,	'武泽丹'	,'wuzd'	,	'wuzd@occident.com'	,	'13724035525'	,	NULL	,	'wuzd@occident.com',NULL,'','M','ICy5YqxZB1uWSwcVLSNLcA==','enabled','43FE6476-CD7B-493B-8044-C7E3149D0876',GETDATE(),'43FE6476-CD7B-493B-8044-C7E3149D0876',GETDATE())
insert SEC_User(ID,OrgID,Name,LoginID,Email,MobilePhone,Telephone,IM,Birthday,Rank,Sex,[Password],[Status],[CreatedBy],[CreatedDate], [LastUpdatedBy], [LastUpdatedDate]) 
values(	'457EADCD-9F68-485E-9541-FBEB13B17A5E'	,	'C4A33E36-6397-430D-AC19-5EE4DEBA447E'	,	'夏涛'	,'xiat'	,	'xiat@orient.net'	,	'13488726199'	,	NULL	,	'xiat@orient.net',NULL,'','M','ICy5YqxZB1uWSwcVLSNLcA==','enabled','43FE6476-CD7B-493B-8044-C7E3149D0876',GETDATE(),'43FE6476-CD7B-493B-8044-C7E3149D0876',GETDATE())
insert SEC_User(ID,OrgID,Name,LoginID,Email,MobilePhone,Telephone,IM,Birthday,Rank,Sex,[Password],[Status],[CreatedBy],[CreatedDate], [LastUpdatedBy], [LastUpdatedDate]) 
values(	'03CC88F7-B445-4C7B-9566-22127A3F9013'	,	'10413097-4550-4E25-BCA9-38F157497F91'	,	'谢俊文'	,'xiejw'	,	'xiejw@orient.net'	,	'13642652494'	,	NULL	,	'xiejw@orient.net',NULL,'','M','ICy5YqxZB1uWSwcVLSNLcA==','enabled','43FE6476-CD7B-493B-8044-C7E3149D0876',GETDATE(),'43FE6476-CD7B-493B-8044-C7E3149D0876',GETDATE())
insert SEC_User(ID,OrgID,Name,LoginID,Email,MobilePhone,Telephone,IM,Birthday,Rank,Sex,[Password],[Status],[CreatedBy],[CreatedDate], [LastUpdatedBy], [LastUpdatedDate]) 
values(	'FEE1346F-71A1-4ABF-B74D-F7C9712C5072'	,	'2832FF40-404F-4FA6-8907-B906B6B8CC57'	,	'邢明'	,'xingming'	,	'xingming@orient.net'	,	'13560082849'	,	NULL	,	'xingming@orient.net',NULL,'','M','ICy5YqxZB1uWSwcVLSNLcA==','enabled','43FE6476-CD7B-493B-8044-C7E3149D0876',GETDATE(),'43FE6476-CD7B-493B-8044-C7E3149D0876',GETDATE())
insert SEC_User(ID,OrgID,Name,LoginID,Email,MobilePhone,Telephone,IM,Birthday,Rank,Sex,[Password],[Status],[CreatedBy],[CreatedDate], [LastUpdatedBy], [LastUpdatedDate]) 
values(	'9E5BB23D-0F3C-4A3D-8AE3-85E5BFBA1AA0'	,	'6AEF4F2B-5D21-4429-BA06-3A6157ED0AC3'	,	'许李浩'	,'xulh'	,	'xulh@orient.net'	,	'13760740005'	,	NULL	,	'xulh@orient.net',NULL,'','M','ICy5YqxZB1uWSwcVLSNLcA==','enabled','43FE6476-CD7B-493B-8044-C7E3149D0876',GETDATE(),'43FE6476-CD7B-493B-8044-C7E3149D0876',GETDATE())
insert SEC_User(ID,OrgID,Name,LoginID,Email,MobilePhone,Telephone,IM,Birthday,Rank,Sex,[Password],[Status],[CreatedBy],[CreatedDate], [LastUpdatedBy], [LastUpdatedDate]) 
values(	'7D311AC5-8D21-4999-9905-D4AF136B2FC3'	,	'465D7FF3-4322-4366-B88E-D9CE261F6D23'	,	'许娜慧'	,'xunh'	,	'xunh@orient.net'	,	'13760654796'	,	NULL	,	'xunh@orient.net',NULL,'','M','ICy5YqxZB1uWSwcVLSNLcA==','enabled','43FE6476-CD7B-493B-8044-C7E3149D0876',GETDATE(),'43FE6476-CD7B-493B-8044-C7E3149D0876',GETDATE())
insert SEC_User(ID,OrgID,Name,LoginID,Email,MobilePhone,Telephone,IM,Birthday,Rank,Sex,[Password],[Status],[CreatedBy],[CreatedDate], [LastUpdatedBy], [LastUpdatedDate]) 
values(	'6B4BA141-F373-4485-85E2-619845239210'	,	'8194137F-8B96-40BA-92B2-E42D32B7CD24'	,	'闫娓昵'	,'yanwn'	,	'yanwn@orient.net'	,	'13822196970'	,	NULL	,	'yanwn@orient.net',NULL,'','M','ICy5YqxZB1uWSwcVLSNLcA==','enabled','43FE6476-CD7B-493B-8044-C7E3149D0876',GETDATE(),'43FE6476-CD7B-493B-8044-C7E3149D0876',GETDATE())
insert SEC_User(ID,OrgID,Name,LoginID,Email,MobilePhone,Telephone,IM,Birthday,Rank,Sex,[Password],[Status],[CreatedBy],[CreatedDate], [LastUpdatedBy], [LastUpdatedDate]) 
values(	'C8233A04-3F53-4A9B-984D-DA943BCB9A48'	,	'10413097-4550-4E25-BCA9-38F157497F91'	,	'袁宏喜'	,'yuanhx'	,	'yuanhx@orient.net'	,	'13826492859'	,	NULL	,	'yuanhx@orient.net',NULL,'','M','ICy5YqxZB1uWSwcVLSNLcA==','enabled','43FE6476-CD7B-493B-8044-C7E3149D0876',GETDATE(),'43FE6476-CD7B-493B-8044-C7E3149D0876',GETDATE())
insert SEC_User(ID,OrgID,Name,LoginID,Email,MobilePhone,Telephone,IM,Birthday,Rank,Sex,[Password],[Status],[CreatedBy],[CreatedDate], [LastUpdatedBy], [LastUpdatedDate]) 
values(	'DDE3B78F-4C48-4E8E-81BB-F89F99D85E4B'	,	'C4A33E36-6397-430D-AC19-5EE4DEBA447E'	,	'袁铠麟'	,'yuankl'	,	'yuankl@orient.net'	,	'13811165119'	,	NULL	,	'yuankl@orient.net',NULL,'','M','ICy5YqxZB1uWSwcVLSNLcA==','enabled','43FE6476-CD7B-493B-8044-C7E3149D0876',GETDATE(),'43FE6476-CD7B-493B-8044-C7E3149D0876',GETDATE())
insert SEC_User(ID,OrgID,Name,LoginID,Email,MobilePhone,Telephone,IM,Birthday,Rank,Sex,[Password],[Status],[CreatedBy],[CreatedDate], [LastUpdatedBy], [LastUpdatedDate]) 
values(	'75494928-E239-4082-A6D2-EDC446BE96EC'	,	'D9BB116B-DC76-436A-8B2C-312242569134'	,	'袁强'	,'yuanq'	,	'yuanq@occident.com'	,	'13760805848'	,	NULL	,	'yuanq@occident.com',NULL,'','M','ICy5YqxZB1uWSwcVLSNLcA==','enabled','43FE6476-CD7B-493B-8044-C7E3149D0876',GETDATE(),'43FE6476-CD7B-493B-8044-C7E3149D0876',GETDATE())
insert SEC_User(ID,OrgID,Name,LoginID,Email,MobilePhone,Telephone,IM,Birthday,Rank,Sex,[Password],[Status],[CreatedBy],[CreatedDate], [LastUpdatedBy], [LastUpdatedDate]) 
values(	'034C75CF-BDBA-4F98-B984-691AF1892FC8'	,	'204E9258-E051-466B-854C-D2F4CBF96EAB'	,	'袁文艳'	,'yuanwy'	,	'yuanwy@orient.net'	,	'13710976268'	,	NULL	,	'yuanwy@orient.net',NULL,'','M','ICy5YqxZB1uWSwcVLSNLcA==','enabled','43FE6476-CD7B-493B-8044-C7E3149D0876',GETDATE(),'43FE6476-CD7B-493B-8044-C7E3149D0876',GETDATE())
insert SEC_User(ID,OrgID,Name,LoginID,Email,MobilePhone,Telephone,IM,Birthday,Rank,Sex,[Password],[Status],[CreatedBy],[CreatedDate], [LastUpdatedBy], [LastUpdatedDate]) 
values(	'C7591096-3236-4F58-88AA-DE6BDC9AA19C'	,	'52E0427C-A747-4F4E-BCA6-A83A420039AC'	,	'袁锡丰'	,'yuanxf'	,	'yuanxf@orient.net'	,	'13902256184'	,	NULL	,	'yuanxf@orient.net',NULL,'','M','ICy5YqxZB1uWSwcVLSNLcA==','enabled','43FE6476-CD7B-493B-8044-C7E3149D0876',GETDATE(),'43FE6476-CD7B-493B-8044-C7E3149D0876',GETDATE())
insert SEC_User(ID,OrgID,Name,LoginID,Email,MobilePhone,Telephone,IM,Birthday,Rank,Sex,[Password],[Status],[CreatedBy],[CreatedDate], [LastUpdatedBy], [LastUpdatedDate]) 
values(	'B2AC4738-35A4-4F1C-9314-C3F5117F7662'	,	'10413097-4550-4E25-BCA9-38F157497F91'	,	'袁远志'	,'yuanyzh'	,	'yuanyzh@orient.net'	,	'13632516005'	,	NULL	,	'yuanyzh@orient.net',NULL,'','M','ICy5YqxZB1uWSwcVLSNLcA==','enabled','43FE6476-CD7B-493B-8044-C7E3149D0876',GETDATE(),'43FE6476-CD7B-493B-8044-C7E3149D0876',GETDATE())
insert SEC_User(ID,OrgID,Name,LoginID,Email,MobilePhone,Telephone,IM,Birthday,Rank,Sex,[Password],[Status],[CreatedBy],[CreatedDate], [LastUpdatedBy], [LastUpdatedDate]) 
values(	'2CED5788-0C3C-4D97-B87F-A8C6002065C9'	,	'10413097-4550-4E25-BCA9-38F157497F91'	,	'曾东明'	,'zengdm'	,	'zengdm@orient.net'	,	'13570283989'	,	NULL	,	'zengdm@orient.net',NULL,'','M','ICy5YqxZB1uWSwcVLSNLcA==','enabled','43FE6476-CD7B-493B-8044-C7E3149D0876',GETDATE(),'43FE6476-CD7B-493B-8044-C7E3149D0876',GETDATE())
insert SEC_User(ID,OrgID,Name,LoginID,Email,MobilePhone,Telephone,IM,Birthday,Rank,Sex,[Password],[Status],[CreatedBy],[CreatedDate], [LastUpdatedBy], [LastUpdatedDate]) 
values(	'029FCA78-6959-42EB-89BC-72F8114582C7'	,	'0998CCC4-B599-4DFD-9F34-6B8C79A13113'	,	'曾伟'	,'zengwei'	,	'zengwei@orient.net'	,	'13719083310'	,	NULL	,	'zengwei@orient.net',NULL,'','M','ICy5YqxZB1uWSwcVLSNLcA==','enabled','43FE6476-CD7B-493B-8044-C7E3149D0876',GETDATE(),'43FE6476-CD7B-493B-8044-C7E3149D0876',GETDATE())
insert SEC_User(ID,OrgID,Name,LoginID,Email,MobilePhone,Telephone,IM,Birthday,Rank,Sex,[Password],[Status],[CreatedBy],[CreatedDate], [LastUpdatedBy], [LastUpdatedDate]) 
values(	'507B7332-E297-4BD2-AE45-39496C8B5F71'	,	'10413097-4550-4E25-BCA9-38F157497F91'	,	'张国华'	,'zhanggh'	,	'zhanggh@orient.net'	,	'13631347264'	,	NULL	,	'zhanggh@orient.net',NULL,'','M','ICy5YqxZB1uWSwcVLSNLcA==','enabled','43FE6476-CD7B-493B-8044-C7E3149D0876',GETDATE(),'43FE6476-CD7B-493B-8044-C7E3149D0876',GETDATE())
insert SEC_User(ID,OrgID,Name,LoginID,Email,MobilePhone,Telephone,IM,Birthday,Rank,Sex,[Password],[Status],[CreatedBy],[CreatedDate], [LastUpdatedBy], [LastUpdatedDate]) 
values(	'FDD8731F-760F-4C4A-96E1-CE86E5F6AAC1'	,	'63EBB5FB-F5D0-4A73-8AC6-0A27C476AE09'	,	'张玲'	,'zhangling'	,	'zhangling@orient.net'	,	'13719460124'	,	NULL	,	'zhangling@orient.net',NULL,'','M','ICy5YqxZB1uWSwcVLSNLcA==','enabled','43FE6476-CD7B-493B-8044-C7E3149D0876',GETDATE(),'43FE6476-CD7B-493B-8044-C7E3149D0876',GETDATE())
insert SEC_User(ID,OrgID,Name,LoginID,Email,MobilePhone,Telephone,IM,Birthday,Rank,Sex,[Password],[Status],[CreatedBy],[CreatedDate], [LastUpdatedBy], [LastUpdatedDate]) 
values(	'447FEB7A-1A2F-44D6-A571-33A3D7D4E1BB'	,	'465D7FF3-4322-4366-B88E-D9CE261F6D23'	,	'张涛'	,'zhangt'	,	'zhangt@orient.net'	,	'13533419593'	,	NULL	,	'zhangt@orient.net',NULL,'','M','ICy5YqxZB1uWSwcVLSNLcA==','enabled','43FE6476-CD7B-493B-8044-C7E3149D0876',GETDATE(),'43FE6476-CD7B-493B-8044-C7E3149D0876',GETDATE())
insert SEC_User(ID,OrgID,Name,LoginID,Email,MobilePhone,Telephone,IM,Birthday,Rank,Sex,[Password],[Status],[CreatedBy],[CreatedDate], [LastUpdatedBy], [LastUpdatedDate]) 
values(	'2AB21482-3A76-4623-993E-108386382306'	,	'ABA419FD-8A9F-4EF5-B026-8991ECAD79B0'	,	'赵贵廷'	,'zhaogt'	,	'zhaogt@orient.net'	,	'13609029395'	,	NULL	,	'zhaogt@occident.com',NULL,'','M','ICy5YqxZB1uWSwcVLSNLcA==','enabled','43FE6476-CD7B-493B-8044-C7E3149D0876',GETDATE(),'43FE6476-CD7B-493B-8044-C7E3149D0876',GETDATE())
insert SEC_User(ID,OrgID,Name,LoginID,Email,MobilePhone,Telephone,IM,Birthday,Rank,Sex,[Password],[Status],[CreatedBy],[CreatedDate], [LastUpdatedBy], [LastUpdatedDate]) 
values(	'A5ABCF80-AFEE-4B64-A2CC-CBBF9E257C0F'	,	'5417548F-6152-4731-B082-652374A3DCA5'	,	'赵静'	,'zhaojing'	,	'zhaojing@orient.net'	,	'13609643949'	,	NULL	,	'zhaojing@occident.com',NULL,'','M','ICy5YqxZB1uWSwcVLSNLcA==','enabled','43FE6476-CD7B-493B-8044-C7E3149D0876',GETDATE(),'43FE6476-CD7B-493B-8044-C7E3149D0876',GETDATE())
insert SEC_User(ID,OrgID,Name,LoginID,Email,MobilePhone,Telephone,IM,Birthday,Rank,Sex,[Password],[Status],[CreatedBy],[CreatedDate], [LastUpdatedBy], [LastUpdatedDate]) 
values(	'2D2F1DF2-857E-4FA2-9779-923F47168E89'	,	'6BEE2AF0-F68E-403F-A9F2-47610BDC6973'	,	'赵志美'	,'zhaozhm'	,	'zhaozhm@occident.com'	,	'13631332106'	,	NULL	,	'',NULL,'','M','ICy5YqxZB1uWSwcVLSNLcA==','enabled','43FE6476-CD7B-493B-8044-C7E3149D0876',GETDATE(),'43FE6476-CD7B-493B-8044-C7E3149D0876',GETDATE())
insert SEC_User(ID,OrgID,Name,LoginID,Email,MobilePhone,Telephone,IM,Birthday,Rank,Sex,[Password],[Status],[CreatedBy],[CreatedDate], [LastUpdatedBy], [LastUpdatedDate]) 
values(	'49B9BC21-4DEB-45E6-8E64-E3999126B2D5'	,	'2832FF40-404F-4FA6-8907-B906B6B8CC57'	,	'钟存'	,'zhongcun'	,	'zhongcun@orient.net'	,	'13660503294'	,	NULL	,	'zhongcun@orient.net',NULL,'','M','ICy5YqxZB1uWSwcVLSNLcA==','enabled','43FE6476-CD7B-493B-8044-C7E3149D0876',GETDATE(),'43FE6476-CD7B-493B-8044-C7E3149D0876',GETDATE())
insert SEC_User(ID,OrgID,Name,LoginID,Email,MobilePhone,Telephone,IM,Birthday,Rank,Sex,[Password],[Status],[CreatedBy],[CreatedDate], [LastUpdatedBy], [LastUpdatedDate]) 
values(	'F067ED24-32FB-4D83-984E-85B0D16BC8DF'	,	'6AEF4F2B-5D21-4429-BA06-3A6157ED0AC3'	,	'钟明德'	,'zhongmd'	,	'zhongmd@orient.net'	,	'13560151627'	,	NULL	,	'zhongmd@orient.net',NULL,'','M','ICy5YqxZB1uWSwcVLSNLcA==','enabled','43FE6476-CD7B-493B-8044-C7E3149D0876',GETDATE(),'43FE6476-CD7B-493B-8044-C7E3149D0876',GETDATE())
insert SEC_User(ID,OrgID,Name,LoginID,Email,MobilePhone,Telephone,IM,Birthday,Rank,Sex,[Password],[Status],[CreatedBy],[CreatedDate], [LastUpdatedBy], [LastUpdatedDate]) 
values(	'4AEE19C3-B2BA-4E11-AA84-4FA0AB0F7828'	,	'465D7FF3-4322-4366-B88E-D9CE261F6D23'	,	'钟永'	,'zhongyong'	,	'zhongyong@orient.net'	,	'13697436740'	,	NULL	,	'zhongyong@orient.net',NULL,'','M','ICy5YqxZB1uWSwcVLSNLcA==','enabled','43FE6476-CD7B-493B-8044-C7E3149D0876',GETDATE(),'43FE6476-CD7B-493B-8044-C7E3149D0876',GETDATE())
insert SEC_User(ID,OrgID,Name,LoginID,Email,MobilePhone,Telephone,IM,Birthday,Rank,Sex,[Password],[Status],[CreatedBy],[CreatedDate], [LastUpdatedBy], [LastUpdatedDate]) 
values(	'687FD314-8B81-47CF-A4A7-408E25C4E673'	,	'10413097-4550-4E25-BCA9-38F157497F91'	,	'周源'	,'zhouyuan'	,	'zhouyuan@orient.net'	,	'13719336873'	,	NULL	,	'zhouyuan@orient.net',NULL,'','M','ICy5YqxZB1uWSwcVLSNLcA==','enabled','43FE6476-CD7B-493B-8044-C7E3149D0876',GETDATE(),'43FE6476-CD7B-493B-8044-C7E3149D0876',GETDATE())

/*角色数据*/
if exists (select * from SEC_Role where ID='0FE18959-74EA-44F0-B63E-D4B3674E399E')
begin
	delete from SEC_RolePermission where RoleId='0FE18959-74EA-44F0-B63E-D4B3674E399E'
    delete from SEC_Role where ID='0FE18959-74EA-44F0-B63E-D4B3674E399E'
end

if exists (select * from SEC_Role where ID='84FA16A2-E5A9-43A3-B202-C88BFE28BF8F')
begin
	delete from SEC_RolePermission where RoleId='84FA16A2-E5A9-43A3-B202-C88BFE28BF8F'
    delete from SEC_Role where ID='84FA16A2-E5A9-43A3-B202-C88BFE28BF8F' 
end

insert  SEC_Role(ID,Name,ParticipantType,Type,Description,[CreatedBy], [CreatedDate], [LastUpdatedBy], [LastUpdatedDate])  values('33F98235-3105-4CE2-A1AB-A91C8646775D','业务经理',0,1,'','43FE6476-CD7B-493B-8044-C7E3149D0876',GETDATE(),'43FE6476-CD7B-493B-8044-C7E3149D0876',GETDATE())
insert  SEC_Role(ID,Name,ParticipantType,Type,Description,[CreatedBy], [CreatedDate], [LastUpdatedBy], [LastUpdatedDate])  values('6EEB61C6-CFBF-4EE8-83D7-192858113105','部门经理',0,1,'各部门部门经理','43FE6476-CD7B-493B-8044-C7E3149D0876',GETDATE(),'43FE6476-CD7B-493B-8044-C7E3149D0876',GETDATE())
insert  SEC_Role(ID,Name,ParticipantType,Type,Description,[CreatedBy], [CreatedDate], [LastUpdatedBy], [LastUpdatedDate])  values('A2ABD39A-C91D-4087-9F6B-4BE36226C20D','接口人',0,1,'','43FE6476-CD7B-493B-8044-C7E3149D0876',GETDATE(),'43FE6476-CD7B-493B-8044-C7E3149D0876',GETDATE())
insert  SEC_Role(ID,Name,ParticipantType,Type,Description,[CreatedBy], [CreatedDate], [LastUpdatedBy], [LastUpdatedDate])  values('92F1D296-6BC3-4590-9F54-332B97E711C8','会签部门',1,1,'','43FE6476-CD7B-493B-8044-C7E3149D0876',GETDATE(),'43FE6476-CD7B-493B-8044-C7E3149D0876',GETDATE())




